Source,Case Number,Date,Time,Type,Description
"Crime Log June 10 to June 16, 2025",25032638,6/11/25,2:06 PM,Assault,"Somerville Police responded to Statue Park for an assault. Upon arrival, officer spoke with the victim who stated he was sitting on a bench and was punched in the face."
"Crime Log June 10 to June 16, 2025",25033851,6/16/25,9:10 PM,Assault,"Somerville Police responded to Perkins St for a check condition. Upon arrival, officers spoke with the victim who stated he was walking home and was sprayed with mace by an individual known to him."
"Crime Log June 10 to June 16, 2025",25033689,6/16/25,9:41 AM,Assault,"Somerville Police responded to Hudson St for a road rage incident. Upon arrival, officers spoke with the victim who stated he was involved in a traffic altercation with a male party. During the altercation, the male party began punching the victim then tried to drive off while the victim was on his vehicle. The victim suffered injuries to his leg and neck. Officers identified the suspect."
"Crime Log May 6 to May 12, 2025",25025533,5/8/25,9:36 PM,Residential Breaking and Entering,"Somerville Police responded to a residence on North St for a past breaking and entering. Upon arrival, officers spoke with the reporting party who stated a group of teenagers broke into the basement and were smoking marijuana. Nothing was reported stolen."
"Crime Log May 6 to May 12, 2025",25025203,5/7/25,6:33 PM,Arrest,"Somerville Police responded to the area of Cross St & Chester St for a check condition. Upon arrival, officers spoke with a witness who stated a male party was acting erratically and kicking people on bicycles. He then approached two other individuals and punched one of them then threatened to kill him. Officers were able to locate the male suspect nearby and he was placed under arrest."
"Crime Log May 6 to May 12, 2025",25026329,5/12/25,4:17 PM,Robbery,"Somerville Police responded to Glen St for an unarmed robbery. Upon arrival, officers spoke with the victim who stated he was sitting in the area of the Capuano School and was approached by two males. The males began talking to him then one of them grabbed his necklace and both suspects fled the area."
"Crime Log May 6 to May 12, 2025",25026340,5/12/25,5:01 PM,Residential Breaking and Entering,"Somerville Police responded to a residence on Garden Court for a past breaking and entering. Upon arrival, officers spoke with the victim who stated she observed her apartment door pried open then saw her living room in disarray. She reported multiple pieces of jewelry and gift cards were stolen."
"Crime Log May 6 to May 12, 2025",25026354,5/12/25,5:30 PM,Residential Breaking and Entering,"Somerville Police responded to a residence on Garden Court for a past breaking and entering. Upon arrival, officers spoke with the victim who stated her apartment was broken into and multiple pieces of jewelry and cash were stolen."
"Crime Log May 6 to May 12, 2025",25025674,5/9/25,2:03 PM,Residential Breaking and Entering,"Somerville Police responded to a residence on Franklin St for a past breaking and entering. Upon arrival, officers spoke with the victim who stated his bicycle was stolen from inside his shed."
"Crime Log May 6 to May 12, 2025",25026279,5/12/25,12:19 PM,Residential Breaking and Entering,"Somerville Police responded to a residence on Alpine St for a past breaking and entering. Upon arrival, officers spoke with the victim who stated his bicycle was stolen from his basement."
"Crime Log August 26 to September 1, 2025",25052648,8/27/25,4:04 AM,Commercial Breaking & Entering,"Somerville Police responded to a business on Lincoln St for a breaking and entering. Upon arrival, officers spoke with the owner who stated a male party entered the business and began rummaging through items. Nothing was reported missing."
"Crime Log August 26 to September 1, 2025",25052594,8/26/25,10:02 PM,Assault,"Somerville Police took a report regarding a past assault. The victim stated that while working with his boss, his boss threw a rock at him then tried to hit him with a hammer."
"Crime Log August 26 to September 1, 2025",25053555,8/30/25,5:51 PM,Assault,"Somerville Police responded to Autumn St & Broadway for a fight. Upon arrival, officers observed multiple juveniles fighting in the street. Officers confiscated a knife from one of the juveniles."
"Crime Log July 15 to July 21, 2025",25043372,7/22/25,9:30 PM,Shots Fired,Somerville Police responded to Grand Union Blvd in Assembly Row for a report of shots fired. Officers spoke with a male party who stated his vehicle was struck by multiple rounds of gunfire. Numerous shell casings were recovered. No injuries were reported.
"Crime Log July 15 to July 21, 2025",25040107,7/10/25,11:06 PM,Residential Breaking & Entering,"Somerville Police responded to a residence on Grove St for report of a past breaking and entering. Upon arrival, officer spoke with the victim who stated she left her home and when she returned, noticed the back door ajar and items in the bathroom were displaced. The victim also reported cash was stolen."
"Crime Log July 15 to July 21, 2025",25039326,7/8/25,12:01 AM,Arrest,"Somerville Police responded to a business on Broadway for report of a B&E. Upon arrival, officers spoke with the clerk who stated he received alarms indicating the front door was open. Surveillance footage showed a male party inside the business stealing various items. Officers were given a suspect description and located a male party nearby matching the description. He was placed under arrest."
"Crime Log July 15 to July 21, 2025",25035694,6/24/25,11:58 PM,Unarmed Robbery,"Somerville Police responded to Gilman St for report of an assault. Upon arrival, officers spoke with the victim who stated he was attacked by four males and one of them stole money from him."
"Crime Log July 15 to July 21, 2025",25034056,6/17/25,11:00 PM,Residential Breaking & Entering,"Somerville Police responded to a residence on Greenwood Terrace for a past breaking and entering. Upon arrival, officers spoke with the victim who stated two bicycles were missing from his enclosed porch."
"Crime Log August 12 to August 18, 2025",25049522,8/14/25,3:41 PM,Residential Breaking & Entering,"Somerville Police responded to a residence on Flint St for a past breaking and entering. Upon arrival, officers spoke with the victim who stated a male party entered her shed and stole a tool."
"Crime Log August 12 to August 18, 2025",25049672,8/15/25,8:37 AM,Residential Breaking & Entering,"Somerville Police responded to a residence on Evergreen Ave for a past breaking and entering. Upon arrival, officers spoke with the victim who stated he left his apartment and when he returned, noticed his front door was kicked in. Nothing was reported missing."
"Crime Log August 12 to August 18, 2025",25049464,8/14/25,11:20 AM,Residential Breaking & Entering,"Somerville Police responded to a residence on Adam St for a past breaking and entering. Upon arrival, officers spoke with the victim who stated someone broke the glass door to the apartments. Nothing was reported missing."
"Crime Log August 12 to August 18, 2025",25049030,8/12/25,8:43 PM,Robbery,"Somerville Police responded to the Cambridge Hospital to speak with a victim of a robbery. Upon arrival, the victim stated he was in Davis Sq and was approached by two males who demanded money then attacked him. The suspects stole his phone and cash. Officers identified the suspects."
"Crime Log August 12 to August 18, 2025",25049020,8/12/25,7:56 PM,Assault,"Somerville Police responded to Bromfield Rd for a weapons call. Upon arrival, officers spoke with the victim who stated she was walking down Warner St and was shot with an airsoft gun by a passing vehicle. No injuries were reported. Officers identified the suspect."
"Crime Log August 12 to August 18, 2025",25050007,8/16/25,2:33 PM,Assault,"Somerville Police responded to a business in Assembly Row for a larceny. Upon arrival, officers spoke with an employee who stated a male party entered the store and proceeded to steal several items. The male then pushed the employee and threw items at her."
"Crime Log August 12 to August 18, 2025",25049819,8/15/25,6:36 PM,Assault,"Somerville Police took a report from a female party regarding a past assault. She stated that while in Davis Sq with her child, a male smashed a bottle on the ground and shards of glass cut her child."
"Crime Log August 12 to August 18, 2025",25050175,8/17/25,4:52 AM,Assault,"Somerville Police responded to an apartment complex on Broadway for a past assault. Upon arrival, officers spoke with the victim who stated he was smoking a cigarette in the basement and was attacked by four females and two males."
"Crime Log August 12 to August 18, 2025",25050446,8/18/25,11:44 AM,Arrest,"Somerville Police responded to a hotel on Somerville Ave after a housekeeper located drugs inside a room. While officers were talking with staff, the guests returned to the room. Officers then entered the room and observed two males inside. Officers recovered 48 grams of methamphetamine and 14 grams of crack cocaine. Both male parties were placed under arrest."
"Crime Log September 9 to September 15, 2025",25056584,9/11/25,6:13 PM,Assault,"Somerville Police responded to a business in Assembly Row for a dispute. Upon arrival, officers spoke with the victim who stated a female party came into the store and proceeded to shoplift. When the victim confronted her, the suspect assaulted her. The suspect then called her son to the store and he began attacking the victim as well."
"Crime Log September 9 to September 15, 2025",25056031,9/9/25,3:11 PM,Residential Breaking & Entering,"Somerville Police responded to a residence on Highland Ave for a breaking and entering. Upon arrival, officers spoke with the victim who stated he left his apartment and when he returned, noticed his wallet was missing."
"Crime Log September 9 to September 15, 2025",25056042,9/9/25,4:17 PM,Arrest,"Somerville Police responded to a residence on Gilman St for a suspicious person. Upon arrival, officers spoke with a neighbor who stated a male ran through his yard and into the driveway of a nearby house. Officers located the male party in the basement of the residence and he was placed under arrest."
"Crime Log September 9 to September 15, 2025",25057044,9/13/25,6:34 PM,Robbery,"Somerville Police responded to a business on Broadway for a robbery. Upon arrival, officers spoke with an employee who stated a male party came into the store and asked for cigarettes. When the clerk turned around, the suspect brandished a knife and demanded money in the register."
"Crime Log September 9 to September 15, 2025",25057018,9/13/25,4:38 PM,Assault,"Somerville Police responded to a parking garage in Assembly for an assault. Upon arrival, officers spoke with the victim who stated she honked her horn at a male party. After doing so, the male grabbed a bat from his car and approached the victim then left the area."
"Crime Log September 9 to September 15, 2025",25057076,9/13/25,11:23 PM,Residential Breaking & Entering,"Somerville Police responded to a residence on Chester St for a breaking and entering. Upon arrival, officers spoke with the victim who stated he left his door open and someone broke in and stole his wallet and other items."
"Crime Log September 9 to September 15, 2025",25056991,9/13/25,1:15 PM,Residential Breaking & Entering,"Somerville Police responded to a residence on Orchard St for a breaking and entering. Upon arrival, officers spoke with the victim who stated her bike was stolen from her enclosed porch."
"Crime Log September 9 to September 15, 2025",25056787,9/12/25,3:30 PM,Residential Breaking & Entering,"Somerville Police responded to a residence on Watson St for a breaking and entering. Upon arrival, officers spoke with the victim who stated her bike was stolen from her enclosed porch."
"Crime Log June 17 to June 23, 2025",25034056,6/17/25,11:00 PM,Residential Breaking & Entering,"Somerville Police responded to a residence on Greenwood Terrace for a past breaking and entering. Upon arrival, officers spoke with the victim who stated two bicycles were missing from his enclosed porch."
"Crime Log June 17 to June 23, 2025",25034037,6/17/25,7:42 PM,Unarmed Robbery,"Somerville Police responded to a business on Canal St for a larceny. Upon arrival, officers spoke with the victim who stated a female party came into the store and began to shoplift items. When the victim confronted her, she shoved him to the ground and fled with the stolen items."
"Crime Log June 17 to June 23, 2025",25035121,6/22/25,5:49 PM,Assault,"Somerville Police responded to Innerbelt Rd for a dispute. Upon arrival, officers spoke with two females who stated they got into a fight with each other."
"Crime Log June 17 to June 23, 2025",25035038,6/22/25,10:04 AM,Assault,"Somerville Police responded to a business on Broadway for a larceny. Upon arrival, officers spoke with the victim who stated a female party came in and got into a dispute over damaged laundry. The female then stole cash from the register and assaulted the victim before fleeing. Officers identified the female suspect."
"Crime Log June 17 to June 23, 2025",25035329,6/23/25,6:20 PM,Unarmed Robbery,"Somerville Police responded to a business in Assembly Row for a larceny. Upon arrival, officers spoke with the victim who stated a male came in and began to shoplift. The victim confronted the male and the male shoved him and fled with the stolen items."
"Crime Log April 29 to May 5, 2025",25023443,4/29/25,11:42 AM,Residential Breaking and Entering,"Somerville Police responded to a residence on Nevada Ave for a past breaking and entering. Upon arrival, officers spoke with the victim who stated someone broke into his home and stole credit cards from his wallet."
"Crime Log April 29 to May 5, 2025",25023906,5/1/25,2:20 PM,Arrest,"Somerville Police responded to a business on Somerville Ave for report of someone trying to enter a vehicle. Upon arrival, officers spoke with the victim who stated a male party tried to enter her vehicle in the parking lot. The male then ran across the street to a gas station and brandished a knife at another individual. He was then apprehended by officers and placed under arrest."
"Crime Log April 29 to May 5, 2025",25024574,5/4/25,7:24 PM,Assault,"Somerville Police responded to Foley St for report of a past assault. Upon arrival, officers spoke with the victim who stated she was standing on the sidewalk holding up a sign and was approached by two individuals and one of them grabbed her."
"Crime Log April 29 to May 5, 2025",25024504,5/4/25,11:22 AM,Assault,"Somerville Police responded to Hanson St for a fight. Upon arrival, officers located a male party suffering from injuries to his head and nose. Officers spoke with a witness who stated he observed the victim arguing with another male and was then pushed."
"Crime Log September 16 to September 22, 2025",25057929,9/17/25,10:20 PM,Commercial Breaking & Entering,"Somerville Police responded to a business on Broadway for a breaking and entering. Upon arrival, officers observed the front door and window were broken. Nothing was reported missing."
"Crime Log September 16 to September 22, 2025",25058118,9/18/25,5:19 PM,Assault,"Somerville Police responded to Medford St for an assault. Upon arrival, officers spoke with the victim who stated he got into a traffic altercation with another male who attacked him. Officers identified the suspect."
"Crime Log September 16 to September 22, 2025",25058558,9/20/25,7:52 PM,Robbery,"Somerville Police responded to a business on Broadway for a robbery. Upon arrival, officers spoke with two employees who stated a male party entered the store then brandished a knife and demanded money from the register."
"Crime Log September 16 to September 22, 2025",25058305,9/19/25,2:55 PM,Arrest,"Somerville Police responded to 79 Highland Ave for a report of a juvenile male who displayed a gun. Upon arrival, officers spoke with the victim who stated he was involved in a verbal altercation with the juvenile suspect. During the altercation, the juvenile suspect displayed a gun then punched the victim before fleeing the area. After a brief pursuit, officers apprehended the suspect and placed him under arrest."
"Crime Log September 16 to September 22, 2025",25058211,9/19/25,8:57 AM,Assault,"Somerville Police responded to a business on Broadway for report of an assault. Upon arrival, officers spoke with an employee who stated a male party entered the store then became angry and threw a drink at him."
"Crime Log August 5 to August 11, 2025",25047169,8/5/25,6:34 PM,Assault,"Somerville Police responded to Willow Ave for a road rage incident. Upon arrival, officers spoke with two male parties who stated they got into a traffic dispute then began fighting each other."
"Crime Log August 5 to August 11, 2025",25048690,8/11/25,5:43 PM,Residential Breaking & Entering,"Somerville Police responded to a residence on Elm St for a past breaking and entering. Upon arrival, officers spoke with the victim who stated someone entered his garage and stole a bicycle."
"Crime Log August 5 to August 11, 2025",25048615,8/11/25,1:16 PM,Residential Breaking & Entering,"Somerville Police responded to a residence on Jaques St for a past breaking and entering. Upon arrival, officers spoke with the victim who stated someone reached trough an open window of her apartment and stole a laptop."
"Crime Log August 5 to August 11, 2025",25048708,8/11/25,6:46 PM,Residential Breaking & Entering,"Somerville Police responded to a residence on Lexington Ave for a past breaking and entering. Upon arrival, officers spoke with the victim who stated someone entered his garage and stole a bicycle."
"Crime Log August 5 to August 11, 2025",25047910,8/8/25,2:39 PM,Residential Breaking & Entering,"Somerville Housing Police responded to a residence on College Ave for a past breaking and entering. Upon arrival, officers spoke with the victim who stated there was damage to his apartment door and several items inside were tampered with."
"Crime Log July 22 to August 4, 2025",25045287,7/29/25,4:08 PM,Armed Robbery,"Somerville Police responded to a business on Broadway for report of a robbery. Upon arrival, officers spoke with an employee who stated a male party entered the store and asked to buy cigarettes. He then brandished a knife at the employee and demanded money inside the register. The male then fled the area."
"Crime Log July 22 to August 4, 2025",25045555,7/30/25,1:26 PM,Assault,"Somerville Police responded to Broadway for a past assault. Upon arrival, officers spoke with the juvenile victim who stated on 7/25/25, she was approached by a male party who proceeded to grab her arm. The juvenile pulled her arm away and fled the area."
"Crime Log July 22 to August 4, 2025",25046453,8/3/25,12:50 AM,Robbery,"Somerville Police responded to Broadway for a larceny. Upon arrival, officers spoke with the victim who stated she was walking home and was approached by a male party who grabbed her chain off her neck then fled on a bicycle."
"Crime Log July 22 to August 4, 2025",25046275,8/2/25,11:00 AM,Assault,"Somerville Police responded to Elm St for a fight. Upon arrival, officers spoke with two males who stated they got into a fight with each other."
"Crime Log June 3 to June 9, 2025",25030911,6/3/25,9:35 PM,Arrest,"Somerville Police responded to Elm St for a check condition. Upon arrival, officers spoke with the male who stated he was suffering from complications from his dialysis treatments. Officers began walking with the him to the bus station and were then approached by another male party who spit on the male and officer. Officers stopped the suspect and he was placed under arrest."
"Crime Log June 3 to June 9, 2025",25031641,6/6/25,10:16 PM,Assault,"Somerville Police responded to a business in Davis Sq for an assault. Upon arrival, officers spoke with the victim who stated he confronted a male party for shoplifting and was then punched by the male."
"Crime Log June 3 to June 9, 2025",25032031,6/8/25,6:21 PM,Arrest,"Somerville Police responded to a business on Foley St for an assault. Upon arrival, officers spoke with the reporting party who pointed to a male and stated he was screaming at people and threw a drink at a bartender. Officers then placed the male suspect under arrest."
"Crime Log May 13 to May 19, 2025",25026955,5/15/25,8:27 AM,Arrest,"Somerville Police responded to a residence on Browning Rd for a breaking and entering. Upon arrival, officers spoke with the victim who stated he recently purchased the property and when he arrived at the house, he observed a male party inside the house yelling at him. Officers located the male suspect and he was placed under arrest."
"Crime Log May 13 to May 19, 2025",25027953,5/19/25,9:37 PM,Arrest,"Somerville Police responded to a residence on Perkins St for an injured person. Upon arrival, officers observed a male party bleeding who stated he was stabbed with a knife by a male known to him. Officers entered the residence and located the male suspect; he was then placed under arrest."
"Crime Log June 10 to June 16, 2025",25032638,6/11/25,2:06 PM,Assault,"Somerville Police responded to Statue Park for an assault. Upon arrival, officer spoke with the victim who stated he was sitting on a bench and was punched in the face."
"Crime Log June 10 to June 16, 2025",25030911,6/3/25,9:35 PM,Arrest,"Somerville Police responded to Elm St for a check condition. Upon arrival, officers spoke with the male who stated he was suffering from complications from his dialysis treatments. Officers began walking with the him to the bus station and were then approached by another male party who spit on the male and officer. Officers stopped the suspect and he was placed under arrest."
"Crime Log June 10 to June 16, 2025",25028347,5/21/25,8:44 PM,Residential Breaking and Entering,"Somerville Police responded to a residence on South St for an attempted breaking and entering. Upon arrival, officers spoke with the victim who stated she heard noises in the kitchen then observed a rear door open and damage to the door frame. Nothing was reported missing."
"Crime Log October 21 to October 27, 2025",25065663,10/21/25,12:19 PM,Residential Breaking and Entering,"Somerville Police responded to a residence on Lincoln St for report of a breaking and entering. Upon arrival, officers spoke with the victim who stated someone broke into her residence and stole cash and jewelry."
"Crime Log October 21 to October 27, 2025",25066025,10/23/25,4:51 AM,Commercial Breaking and Entering,"Somerville Police responded to a business on Broadway for report of a breaking and entering. Upon arrival, officers spoke with the victim who stated a male party smashed the window to his store and stole cigarettes."
"Crime Log October 21 to October 27, 2025",25067110,10/27/25,5:51 PM,Residential Breaking and Entering,Somerville Police took a report regarding a past breaking and entering. The victim stated someone broke into his basement and stole a bicycle.
"Crime Log October 21 to October 27, 2025",25066669,10/25/25,6:05 PM,Residential Breaking and Entering,"Somerville Police responded to a vacant residence on Elm St for a breaking and entering. Upon arrival, officers observed three individuals inside the residence sleeping. All individuals were identified."
"Crime Log October 21 to October 27, 2025",25066454,10/24/25,6:54 PM,Assault,"Somerville Police responded to a business in Davis Sq for an assault. Upon arrival, officers spoke with an employee who stated she got into an argument with a female customer. During the argument, the female threw a bag of candy at her."
"Crime Log May 6 to May 12, 2025",25025533,5/8/25,9:36 PM,Residential Breaking and Entering,"Somerville Police responded to a residence on North St for a past breaking and entering. Upon arrival, officers spoke with the reporting party who stated a group of teenagers broke into the basement and were smoking marijuana. Nothing was reported stolen."
"Crime Log May 6 to May 12, 2025",25023443,4/29/25,11:42 AM,Residential Breaking and Entering,"Somerville Police responded to a residence on Nevada Ave for a past breaking and entering. Upon arrival, officers spoke with the victim who stated someone broke into his home and stole credit cards from his wallet."
"Crime Log October 14 to October 20, 2025",25064383,10/15/25,2:40 PM,Residential Breaking and Entering,"Somerville Police responded to a residence on Broadway for report of a breaking and entering. Upon arrival, officers spoke with the residents who stated a male party entered their apartment and stole numerous belongings."
"Crime Log October 14 to October 20, 2025",25064581,10/16/25,10:56 AM,Assault,"Somerville Police responded to Park St for a check condition. Upon arrival, officers spoke with the victim who stated he was involved in a road rage altercation with a female party. During the altercation, the female brandished a knife at the victim. Officers identified the female suspect."
"Crime Log October 14 to October 20, 2025",25065239,10/19/25,2:16 PM,Assault,"Somerville Police responded to Jaques St for a dispute. Upon arrival, officers spoke with the victim who stated she was approached by a male and female inside Foss Park. The female party then attempted to hit the victim."
"Crime Log August 19 to August 25, 2025",25051033,8/20/25,4:44 PM,Assault,"Somerville Police responded to a business on Mystic Ave for report of juveniles coming into the store and causing disturbances. Upon arrival, officers spoke with an employee who stated a juvenile male threw a package of soup at him. Officers identified the juvenile suspect."
"Crime Log August 19 to August 25, 2025",25049522,8/14/25,3:41 PM,Residential Breaking & Entering,"Somerville Police responded to a residence on Flint St for a past breaking and entering. Upon arrival, officers spoke with the victim who stated a male party entered her shed and stole a tool."
"Crime Log August 19 to August 25, 2025",25047169,8/5/25,6:34 PM,Assault,"Somerville Police responded to Willow Ave for a road rage incident. Upon arrival, officers spoke with two male parties who stated they got into a traffic dispute then began fighting each other."
"Crime Log August 19 to August 25, 2025",25045287,7/29/25,4:08 PM,Armed Robbery,"Somerville Police responded to a business on Broadway for report of a robbery. Upon arrival, officers spoke with an employee who stated a male party entered the store and asked to buy cigarettes. He then brandished a knife at the employee and demanded money inside the register. The male then fled the area."
"Crime Log August 19 to August 25, 2025",25043403,7/23/25,12:40 AM,Residential Breaking & Entering,"Somerville Police responded to a residence on Perkins St for a past breaking and entering. Upon arrival, spoke with the victims who stated they observed a male party opening up their apartment window and attempting to enter. The male party then fled the area."
"Crime Log September 2 to September 8, 2025",25054381,9/3/25,5:59 AM,Residential Breaking & Entering,"Somerville Police responded to a residence on Quincy St for a breaking and entering. Upon arrival, officers spoke with the victim who stated he was sleeping and awoke to an individual standing over him. The suspect then fled out of the house. Nothing was reported missing."
"Crime Log September 2 to September 8, 2025",25054261,9/2/25,4:13 PM,Residential Breaking & Entering,"Somerville Police responded to a residence on Wallace St for a breaking and entering. Upon arrival, officers spoke with the victim who stated a lock on his door was damaged and he believes someone broke into his home. Nothing was reported missing."
"Crime Log September 2 to September 8, 2025",25054457,9/3/25,11:12 AM,Commercial Breaking & Entering,"Somerville Police responded to a business on Columbia St for a breaking and entering. Upon arrival, officers spoke with the owner who stated the business is permanently closed and when he entered, observed two males sleeping inside. Nothing was reported missing."
"Crime Log September 2 to September 8, 2025",25055243,9/6/25,11:23 AM,Residential Breaking & Entering,"Somerville Police responded to a residence on Alewife Brook Pkwy for a breaking and entering. Upon arrival, officers spoke with the reporting party who stated he entered his mothers apartment and noticed that several pieces of jewelry were missing."
"Crime Log September 2 to September 8, 2025",25055363,9/6/25,7:47 PM,Assault,"Somerville Police responded to a business on Canal St for a shoplifting. Upon arrival, officers spoke with the victim who stated a group of juveniles entered the store and proceeded to steal various items. Two of the juveniles then assaulted the clerk while leaving."
"Crime Log September 2 to September 8, 2025",25055467,9/7/25,3:50 AM,Assault,"Somerville Police responded to Davis Sq for an assault. Upon arrival, officers spoke with the victim who stated he was walking through Davis Sq and a male party began throwing bricks at him then hit him in the head with a stick."
"Crime Log August 19 to August 25, 2025",25051033,8/20/25,4:44 PM,Assault,"Somerville Police responded to a business on Mystic Ave for report of juveniles coming into the store and causing disturbances. Upon arrival, officers spoke with an employee who stated a juvenile male threw a package of soup at him. Officers identified the juvenile suspect."
"Crime Log August 19 to August 25, 2025",25050849,8/19/25,8:44 PM,Assault,"Somerville Police responded to Broadway for report of an assault. Upon arrival, officers spoke with the victim who stated while walking on Alewife Brook Pkwy, he was approached by a male party who punched him in the face."
"Crime Log August 19 to August 25, 2025",25051954,8/24/25,11:46 AM,Assault,Somerville Police were flagged down on Allen St. The reporting party stated his son was playing in the park next to the community garden and was sprayed with a hose by a female party.
"Crime Log August 19 to August 25, 2025",25051684,8/23/25,2:28 AM,Assault,"Somerville Police responded to Davis Sq for a past assault. Upon arrival, officers spoke with the victim who stated a female assaulted him with a brick."
"Crime Log August 19 to August 25, 2025",25051531,8/22/25,2:55 PM,Assault,"Somerville Police responded to College Ave for a past assault. Upon arrival, officers spoke with the victim who stated he was walking on the sidewalk and saw a bike blocking the way. When he moved the bike, a juvenile male began to attack him. The victim suffered injuries to his lip."
"Crime Log August 19 to August 25, 2025",25051891,8/22/25,2:58 AM,Arrest,"Somerville Police responded to a business on Bow St for a breaking and entering. Upon arrival, officers observed two male parties inside. One of the males was then placed under arrest."
"Crime Log June 24 to June 30, 2025",25035694,6/24/25,11:58 PM,Unarmed Robbery,"Somerville Police responded to Gilman St for report of an assault. Upon arrival, officers spoke with the victim who stated he was attacked by four males and one of them stole money from him."
"Crime Log June 24 to June 30, 2025",25036121,6/26/25,5:30 PM,Arrest,"Somerville Police responded to a business in Assembly Row for report of an assault. Upon arrival, officers spoke with a security guard who stated a male party shoplifted from a store then punched her multiple times when confronted. Officers located the male suspect and he was placed under arrest."
"Crime Log June 24 to June 30, 2025",25036335,6/27/25,11:02 AM,Assault,"Somerville Police responded to Walnut St for an assault. Upon arrival, officers spoke with the victim who stated he was doing work outside and a vehicle sped by and almost hit him causing him to spill water onto the car. A male and female then exited the vehicle and confronted the victim, the male party then pepper sprayed the victim and both he and the female re-entered the vehicle and left the area."
"Crime Log June 24 to June 30, 2025",25036813,6/28/25,8:30 PM,Assault,"Somerville Police responded to Assembly Row for a weapons call. Upon arrival, officers spoke with two male parties who stated they were in a confrontation with each other. During the confrontation, one of the males brandished a knife and the other male struck him with a tire iron."
"Crime Log July 22 to July 28, 2025",25043403,7/23/25,12:40 AM,Residential Breaking & Entering,"Somerville Police responded to a residence on Perkins St for a past breaking and entering. Upon arrival, spoke with the victims who stated they observed a male party opening up their apartment window and attempting to enter. The male party then fled the area."
"Crime Log July 22 to July 28, 2025",25043962,7/23/25,3:17 PM,Assault,"Somerville Police responded to Summer St for report of a past assault. Upon arrival, officers spoke with the victim who stated he is a cab driver and got into an argument with a female passenger. During the argument, the female hit the victim twice and damaged his vehicle."
"Crime Log July 22 to July 28, 2025",25044992,7/28/25,9:54 PM,Assault,"Somerville Police responded to a hotel on Foley St for report of an assault. Upon arrival, officers spoke with the victim who stated she heard commotion outside of her room and was then approached by a female party who punched her in the face."
"Crime Log July 22 to July 28, 2025",25044788,7/27/25,9:48 PM,Assault,"Somerville Police responded to the Somerville Hospital for a past assault. Upon arrival, officers spoke with a nurse who stated a male juvenile punched her in the face. Officers identified the suspect."
"Crime Log July 22 to July 28, 2025",25044753,7/27/25,6:47 PM,Robbery,"Somerville Police took a report from a female party regarding a past robbery. She stated that earlier in Davis Sq, she was attacked and robbed of her bag by an individual unknown to her."
"Crime Log July 22 to July 28, 2025",25044185,7/25/25,5:17 PM,Arrest,"Somerville Police responded to Broadway for a check condition. Upon arrival, officers spoke with the victim who stated she got into an altercation with a male party known to her. During the altercation, the male party struck her with a metal cane. Officers located the suspect nearby and he was placed under arrest."
"Crime Log July 22 to July 28, 2025",25044773,7/27/25,7:59 PM,Arrest,"Somerville Police responded to Broadway for a past assault. Upon arrival, officers spoke with the juvenile victim who stated she was walking home and was approached by a female party who began yelling at her then pepper sprayed her. Officers located the female suspect and she was placed under arrest."
"Crime Log July 15 to July 21, 2025",25043372,7/22/25,9:30 PM,Shots Fired,Somerville Police responded to Grand Union Blvd in Assembly Row for a report of shots fired. Officers spoke with a male party who stated his vehicle was struck by multiple rounds of gunfire. Numerous shell casings were recovered. No injuries were reported.
"Crime Log July 15 to July 21, 2025",25042069,7/18/25,12:28 AM,Shots Fired,"Somerville Police responded to 40 River Rd for a report of multiple shots fired and a vehicle fleeing the area. On scene, officers recovered 34 shell casings consisting of three different calibers. No injuries were reported."
"Crime Log July 15 to July 21, 2025",25041449,7/15/25,11:20 PM,Commercial Breaking & Entering,"Somerville Police responded to a business on Somerville Ave for a breaking and entering. Upon arrival, officers observed the front window shattered and numerous merchandise products scattered along the street."
"Crime Log July 15 to July 21, 2025",25041512,7/16/25,8:04 AM,Assault,"Somerville Police took a report from a male party regarding a past assault. He stated that around 7:30 AM, he got involved in a traffic altercation with a bicyclist. During the altercation, the bicyclist brandished a knife at him."
"Crime Log July 15 to July 21, 2025",25041319,7/15/25,12:45 PM,Assault,"Somerville Police responded to Holland St for report of a fight. Upon arrival, officers spoke with the victim who stated he was approached by a male party who began to yell profanities at him then pushed him."
"Crime Log July 15 to July 21, 2025",25043174,7/22/25,8:05 AM,Residential Breaking & Entering,"Somerville Police responded to a residence on Broadway for report of a past breaking and entering. Upon arrival, officers spoke with the victim who stated the house is under construction and a fridge was stolen."
"Crime Log July 15 to July 21, 2025",25043208,7/22/25,9:39 AM,Assault,"Somerville Police responded to a business in Davis Sq for a dispute. Upon arrival, officers spoke with the victim who stated she got into an altercation with a female party. During the altercation, the female punched her in the face. Officers identified the suspect."
"Crime Log July 8 to July 14, 2025",25040107,7/10/25,11:06 PM,Residential Breaking & Entering,"Somerville Police responded to a residence on Grove St for report of a past breaking and entering. Upon arrival, officer spoke with the victim who stated she left her home and when she returned, noticed the back door ajar and items in the bathroom were displaced. The victim also reported cash was stolen."
"Crime Log July 8 to July 14, 2025",25040457,7/12/25,4:58 AM,Residential Breaking & Entering,"Somerville Police responded to a residence on Aberdeen St for report of a suspicious person. Upon arrival, officers spoke with a neighbor who stated he observed a male party entering a property that’s under construction then leaving in a vehicle full of items. Officers canvassed the area, located the vehicle and identified the suspect."
"Crime Log July 8 to July 14, 2025",25040783,7/13/25,11:28 AM,Arrest,"Somerville Police responded Washington St for report of a stabbing. Upon arrival, officers observed a male party suffering from a non-life threatening stab wound to his stomach. He stated he got into an altercation with a male party then noticed he was stabbed. The male suspect fled the area in a vehicle and later came into the station where was placed under arrest."
"Crime Log July 8 to July 14, 2025",25041165,7/14/25,8:27 PM,Assault,"Somerville Police took a report from a male party involving a road rage incident. He stated that around 2:10 AM, he got involved in a traffic altercation at a parking lot on McGrath Hwy. During the altercation, a passenger from the other vehicle slammed her car door against the victim’s car then punched him."
"Crime Log July 1 to July 7, 2025",25039326,7/8/25,12:01 AM,Arrest,"Somerville Police responded to a business on Broadway for report of a B&E. Upon arrival, officers spoke with the clerk who stated he received alarms indicating the front door was open. Surveillance footage showed a male party inside the business stealing various items. Officers were given a suspect description and located a male party nearby matching the description. He was placed under arrest."
"Crime Log July 1 to July 7, 2025",25038543,7/4/25,7:54 PM,Robbery,"Somerville Police responded to a business on Broadway for report of a shoplifting. Upon arrival, officers spoke with the security officer who stated a male party was shoplifting and when he confronted the suspect, the suspect pushed him and fled."
"Crime Log July 1 to July 7, 2025",25038702,7/5/25,2:54 PM,Assault,"Somerville Police responded to a business on Somerville Ave for report of an assault. Upon arrival, officers spoke with the victim who stated she got into a verbal altercation with a female party. During the altercation, the female struck the victim with her shoe."
"Crime Log July 1 to July 7, 2025",25039300,7/7/25,9:44 PM,Residential Breaking & Entering,"Somerville Police responded to a residence on Charlestown St for an attempted breaking and entering. Upon arrival, officers spoke with the victim who stated a male party began pulling on a window screen and tried to break into the residence."
"Crime Log July 1 to July 7, 2025",25037769,7/2/25,8:07 AM,Residential Breaking & Entering,"Somerville Police responded to a residence on Aberdeen St for a past breaking and entering. Upon arrival, officers spoke with the victim who stated his bike was stolen out of his shed."
"Crime Log July 1 to July 7, 2025",25038705,7/5/25,2:37 PM,Assault,"Somerville Police responded to Summer St for report of a past assault. Upon arrival, officers spoke with the victim who stated he was approached by a male party who began yelling at him then struck him in the neck."
"Crime Log July 1 to July 7, 2025",25037822,7/2/25,10:38 AM,Arrest,"Somerville Police responded to Statue Park for report of a fight. Upon arrival, officers spoke with a victim who stated he got into an altercation with a male party. During the altercation, the male party struck him and threw him to the ground. Shortly after, another male party tried to intervene and the suspect began to fight him as well. Officers located the suspect and he was placed under arrest."
"Crime Log July 1 to July 7, 2025",25037953,7/2/25,6:07 PM,Arrest,"Somerville Police responded to Seven Hills Park for a dispute. Upon arrival, officers spoke with the victim who stated he was using the porta-potty and a male began banging on the door threatening to kill him then brandished a knife. Officers located the male and he was placed under arrest"
"Crime Log May 27 to June 2, 2025",25030243,5/31/25,10:16 PM,Assault,"Somerville Police responded to Foss Park for report of an assault. Upon arrival, officers spoke with the victim who stated he was chased by an individual with a knife."
"Crime Log May 27 to June 2, 2025",25030580,6/2/25,3:10 PM,Assault,"Somerville Police responded to Medford St for report of a fight. Upon arrival, officers observed a large group of juveniles in the parking lot. Officers spoke with two juvenile males who stated they were in a fight against each other. Both parties then left the area."
"Crime Log May 27 to June 2, 2025",25030757,6/3/25,10:18 AM,Arrest,"Somerville Police responded to 14 McGrath Hwy for repot of an assault. Upon arrival, officers spoke with the victim who stated she was driving through the parking lot and almost struck a male party. The male began yelling at the victim then spit on her and brandished a knife. He was placed under arrest."
"Crime Log September 16 to September 22, 2025",25057929,9/17/25,10:20 PM,Commercial Breaking & Entering,"Somerville Police responded to a business on Broadway for a breaking and entering. Upon arrival, officers observed the front door and window were broken. Nothing was reported missing."
"Crime Log September 16 to September 22, 2025",25056584,9/11/25,6:13 PM,Assault,"Somerville Police responded to a business in Assembly Row for a dispute. Upon arrival, officers spoke with the victim who stated a female party came into the store and proceeded to shoplift. When the victim confronted her, the suspect assaulted her. The suspect then called her son to the store and he began attacking the victim as well."
"Crime Log September 16 to September 22, 2025",25054381,9/3/25,5:59 AM,Residential Breaking & Entering,"Somerville Police responded to a residence on Quincy St for a breaking and entering. Upon arrival, officers spoke with the victim who stated he was sleeping and awoke to an individual standing over him. The suspect then fled out of the house. Nothing was reported missing."
"Crime Log September 16 to September 22, 2025",25052648,8/27/25,4:04 AM,Commercial Breaking & Entering,"Somerville Police responded to a business on Lincoln St for a breaking and entering. Upon arrival, officers spoke with the owner who stated a male party entered the business and began rummaging through items. Nothing was reported missing."
"Crime Log September 30 to October 13, 2025",25061340,10/2/25,7:59 AM,Assault,"Somerville Police responded to Broadway & Garrison for an assault. Upon arrival, officers spoke with the victim who stated she was approached by a male party who proceeded to punch her in the face."
"Crime Log September 30 to October 13, 2025",25061241,10/1/25,5:18 PM,Assault,"Somerville Police responded to a business in Assembly Row for an assault. Upon arrival, officers spoke with an employee who stated two juvenile males entered the store and threw eggs at him then punched him."
"Crime Log September 30 to October 13, 2025",25062487,10/7/25,12:12 AM,Residential Breaking and Entering,"Somerville Police responded to a residence on Irving St for report of a breaking and entering. Upon arrival, officers spoke with the victim who observed a male party in her living room. The suspect stole a laptop and a pair of binoculars then fled toward Davis Sq."
"Crime Log September 30 to October 13, 2025",25062547,10/7/25,9:24 AM,Commercial Breaking and Entering,"Somerville Police responded to a construction site on Medford St for a breaking and entering. Upon arrival, officers spoke with the victim who stated that someone entered the jobsite and stole several of his tools."
"Crime Log September 30 to October 13, 2025",25062265,10/6/25,2:47 AM,Commercial Breaking and Entering,"Somerville Police responded to a business on Elm St for a breaking and entering. Upon arrival, officers spoke with the victim who stated two males smashed the door with a brick and stole numerous bottles of liquor."
"Crime Log September 30 to October 13, 2025",25061857,10/4/25,7:13 AM,Commercial Breaking and Entering,"Somerville Police responded to a business on Holland St for a breaking and entering. Upon arrival, officers spoke with the victim who stated a male party smashed the front door and stole two cash registers."
"Crime Log September 30 to October 13, 2025",25062030,10/5/25,11:04 PM,Arrest,"Somerville Police responded to Washington St for report of an assault. Upon arrival, officers spoke with the victim who stated he got into an argument with a male party. During the argument, the male suspect slashed the victim with a boxcutter. Officers located the suspect and he was placed under arrest."
"Crime Log September 30 to October 13, 2025",25063907,10/13/25,7:52 AM,Residential Breaking and Entering,"Somerville Police responded to a residence on Park Ave for report of a breaking and entering. Upon arrival, officers spoke with the victim who stated his car keys were stolen from his enclosed porch."
"Crime Log May 20 to May 26, 2025",25028347,5/21/25,8:44 PM,Residential Breaking and Entering,"Somerville Police responded to a residence on South St for an attempted breaking and entering. Upon arrival, officers spoke with the victim who stated she heard noises in the kitchen then observed a rear door open and damage to the door frame. Nothing was reported missing."
"Crime Log May 20 to May 26, 2025",25029171,5/26/25,5:12 PM,Assault,"Somerville Police responded to an apartment complex on Broadway for a past assault. Upon arrival, officers spoke with the victim who stated she was attacked by a female known to her and suffered numerous injuries. Officers identified the suspect."
"Crime Log May 20 to May 26, 2025",25028947,5/25/25,9:57 AM,Residential Breaking and Entering,"Somerville Police responded to a residence on Park St for a breaking and entering. Upon arrival, officers spoke with the reporting party who stated she is caring for the owner’s cats and when she entered the residence, observed a male party sleeping on the couch. Officers identified the male suspect."
"Crime Log May 20 to May 26, 2025",25029108,5/26/25,10:23 AM,Arrest,"Somerville Police responded to a business on Somerville Ave for a dispute. Upon arrival, officers spoke with the victim who stated she got into an argument with a male party and he struck her in the head with a juice bottle. Officers located the male suspect and he was placed under arrest."
December 31st 2024 Crime News,25006942,2/7/25,12:58 AM,Assault,"Somerville Police responded to Assembly Row for a fight. Upon arrival, officers observed an unconscious male on the ground suffering from multiple injuries. Officers spoke with several witnesses who stated the victim was involved in a fight with two males and one female. During the fight, the suspects repeatedly punched and kicked the victim then fled the area."
March 3rd 2025 - December 31st 2024 Crime News,25007158,2/8/25,2:50 AM,Arrest,"Somerville Police responded to a residence on Somerville Ave for report of a breaking and entering. Upon arrival, officers spoke with the victim who stated she was sleeping and awoke to a male party opening the door to her back porch. The victim screamed and the suspect fled the area. Officers were given a description of the suspect and located him nearby shortly after. He was"
March 3rd 2025 - December 31st 2024 Crime News,25005121,1/28/25,4:08 PM,Residential Breaking & Entering,"Somerville Police responded to a residence on Myrtle St for a past breaking and entering. Upon arrival, officers spoke with the victim who stated his brother had recently passed away and there were several"
March 3rd 2025 - December 31st 2024 Crime News,25005098,1/28/25,2:05 PM,Assault,"Somerville Police responded to 779 McGrath Hwy for report of an injured person. Upon arrival, officers spoke with the victim who stated he got into a fight with another male party. The victim suffered an injury to"
March 3rd 2025 - December 31st 2024 Crime News,25006259,2/3/25,1:05 PM,Arrest,"Somerville Police responded to Foley St for report of an assault. Upon arrival, officers spoke with the victim who stated he got into an argument with a male party inside the train station. During the argument, the male suspect displayed a knife and pointed it at the victim. Officers then located the male suspect and he was placed under arrest."
March 3rd 2025 - December 31st 2024 Crime News,25003929,1/22/25,12:46 PM,Arrest,"Somerville Police responded to East Cambridge Savings Bank (285 Highland Ave) for a robbery. Upon arrival, officers were given a suspect description and were informed that the suspect left in a taxi cab. Officers quickly located the taxi and conducted a stop. The suspect was identified placed under arrest. Officers confiscated a knife from the suspect and recovered $80 tucked in"
March 3rd 2025 - December 31st 2024 Crime News,25003915,1/22/25,11:27 AM,Commercial Breaking & Entering,"Somerville Police responded to a business on Grove St for report of a past breaking and entering. Upon arrival, officers spoke with the manager who stated when he arrived for work, he noticed an office door had been kicked in and a coffee maker was missing."
March 3rd 2025 - December 31st 2024 Crime News,25004722,1/26/25,5:35 PM,Residential Breaking & Entering,"Somerville Housing Officers responded to a residence on Warren Ave for report of a past breaking and entering. Upon arrival, officers spoke with the victim who stated he left to run some errands and when he returned, noticed that his pants, blank checks and cash were missing."
March 3rd 2025 - December 31st 2024 Crime News,25002968,1/17/25,9:48 AM,Assault,a male party entered the station and stated that his juvenile son had an object thrown at his head by another student and it
March 3rd 2025 - December 31st 2024 Crime News,25002454,1/14/25,3:27 PM,Residential Breaking & Entering,"Somerville Police responded to a residence on Bromfield Rd for report of a past breaking and entering. Upon arrival, officers spoke with the victim who stated he left for vacation and when he returned, noticed his bike was missing from the basement. Officers identified the suspect involved."
March 3rd 2025 - December 31st 2024 Crime News,25001148,1/7/25,1:09 PM,Assault,"Somerville Police responded to Beacon St for report of a road rage incident. Upon arrival, officers spoke with the victim who stated he got into an argument with a male and female while in traffic. The suspects began yelling at the victim then threatened to stab him. The suspects and the victim then pulled into a parking lot and the male suspect threw a drink at the victim’s car and attempted to grab him. The suspects then fled the area."
March 3rd 2025 - December 31st 2024 Crime News,25002047,1/12/25,11:17 AM,Residential Breaking & Entering,"Somerville Police responded to a residence on Spring St for report of a past breaking and entering. Upon arrival, officers spoke with the victim who stated someone broke into her basement and stole several"
March 3rd 2025 - December 31st 2024 Crime News,25002155,1/13/25,2:08 AM,Residential Breaking & Entering,"Somerville Police responded to a residence on Highland Rd for report of a breaking and entering in progress. Upon arrival, officers located a male party inside the victim’s bedroom. Officers identified the"
March 3rd 2025 - December 31st 2024 Crime News,25002080,1/12/25,4:21 PM,Assault,"a male party came into the station and stated he was walking in Davis Sq and got into an argument with another male. During the argument, the suspect punched the victim."
March 3rd 2025 - December 31st 2024 Crime News,25001963,1/11/25,7:59 PM,Residential Breaking & Entering,"Somerville Police responded to a residence on Victoria St for report of a stolen bicycle. Upon arrival, officers spoke with the victim who stated two bicycles were stolen from his basement."
March 3rd 2025 - December 31st 2024 Crime News,25001840,1/10/25,11:38 PM,Arrest,"Somerville Police responded to a business on Elm St for report of a fight. Upon arrival, officers observed a male party heavily bleeding from his head. He stated he was involved in an argument with another male and was struck in the head with a bottle. Officers located the male suspect and he"
March 3rd 2025 - December 31st 2024 Crime News,25000037,1/1/25,3:20 AM,Commercial Breaking & Entering,"Somerville Police responded to a construction site on Medford St for an alarm call. Upon arrival, officers were informed that a male party entered the site through an opening in the gate. Officers observed a lock and chain on the ground. Nothing was reported missing."
March 3rd 2025 - December 31st 2024 Crime News,25000489,1/3/25,5:49 PM,Assault,"Somerville Police responded to Broadway & Minnesota Ave for report of an injured party. Upon arrival, officers observed a male bleeding from the face. He stated he was punched in the face by"
March 3rd 2025 - December 31st 2024 Crime News,25000602,1/4/25,11:12 PM,Assault,"Somerville Police responded to the parking lot of 105 Middlesex Ave for a weapons call. Upon arrival, officers spoke with the victim who stated he was being tailgated by a red crossover type vehicle. The victim exited his vehicle and a male in the other vehicle exited the from the passenger side, exchanged words with the victim then brandished what appeared to be a firearm in his waistband. The male suspect then returned to the vehicle and it fled towards Foley St."
March 3rd 2025 - December 31st 2024 Crime News,25000820,1/5/25,5:48 PM,Residential Breaking & Entering,"Somerville Police responded to a residence on Sunset Rd for report of a past breaking and entering. Upon arrival, officers spoke with the victim who stated she was gone for the holidays and when she returned, noticed that money was missing from her room. Officers identified the suspect."
December 30th 2024 - October 1st 2024 Crime News,24078495,12/17/24,3:14 PM,Assault,"Somerville Police responded to Brook St & Rush St for report of a fight. Upon arrival, officers spoke with a juvenile male who stated he got into a fight with another juvenile male. The victim had injuries to his lip."
December 30th 2024 - October 1st 2024 Crime News,24080436,12/28/24,9:52 AM,Assault,"Somerville Police responded to Myrtle St for report of an assault. Upon arrival, officers spoke with the victim who stated he got into an argument with a male party known to him. During the argument, the male suspect assaulted the victim then threatened to kill him. Officers identified the"
December 30th 2024 - October 1st 2024 Crime News,24080112,12/26/24,1:30 PM,Residential Breaking & Entering,"Somerville Police responded to a residence on Bromfield Rd for report of a past breaking and entering. Upon arrival, officers spoke with the victim who stated both floors of the residence were broken into and there were discarded beverages left behind. Nothing was reported stolen."
December 30th 2024 - October 1st 2024 Crime News,24080110,12/26/24,1:24 PM,Residential Breaking & Entering,"Somerville Police responded to a residence on Bromfield Rd for report of a past breaking and entering. Upon arrival, officers conducted a walk through and observed two unlocked doors and the house in"
December 30th 2024 - October 1st 2024 Crime News,24080098,12/26/24,12:14 PM,Residential Breaking & Entering,"Somerville Police responded to a residence on Bromfield Rd for report of a past breaking and entering. Upon arrival, officers spoke with the victim who stated her and her roommates were gone for the holidays and when she returned, observed the front door open and the house in"
December 30th 2024 - October 1st 2024 Crime News,24080502,12/28/24,3:40 PM,Residential Breaking & Entering,"Somerville Police responded to a residence on Bromfield Rd for report of a past breaking and entering. Upon arrival, officers spoke with the victim who stated he and his parents arrived home after being gone for the holidays. When they pulled into the driveway, they observed a male party walking away from the residence and the back door unlocked. Nothing was reported"
December 30th 2024 - October 1st 2024 Crime News,24080322,12/27/24,5:40 PM,Residential Breaking & Entering,"Somerville Police responded to a residence on Bromfield Rd for report of a past breaking and entering. Upon arrival, officers spoke with the victim who stated she visited her friends house and noticed the inside was in disarray and various belongings were left behind. Nothing was reported"
December 30th 2024 - October 1st 2024 Crime News,24080518,12/28/24,5:52 PM,Residential Breaking & Entering,"Somerville Police responded to a residence on Jay St for report of a past breaking and entering. Upon arrival, officers spoke with the victim who stated they observed the basement door was open and various belongings were left behind. Nothing was reported stolen."
December 30th 2024 - October 1st 2024 Crime News,24078961,12/19/24,5:49 PM,Residential Breaking & Entering,"Somerville Police responded to a residence on Mystic Ave for report of a past breaking and entering. Upon arrival, officers spoke with the victim who stated his basement door was kicked open. Nothing was"
December 30th 2024 - October 1st 2024 Crime News,24079281,12/21/24,7:39 AM,Residential Breaking & Entering,"Somerville Police responded to a residence on College Ave for report of a past breaking and entering. Upon arrival, officers spoke with the victim who stated he woke up and observed a male party watching TV in his living room. The male party then fled out of the house. Nothing was"
December 30th 2024 - October 1st 2024 Crime News,24079660,12/23/24,9:52 AM,Residential Breaking & Entering,"Somerville Police responded to 550 Broadway for report of an unwanted group. Upon arrival, officers spoke with the reporting party who stated a group of individuals broke into the restrooms at Trum Field"
December 30th 2024 - October 1st 2024 Crime News,24080207,12/26/24,10:19 PM,Residential Breaking & Entering,"Somerville Police responded to a residence on Broadway for report of a past breaking and entering. Upon arrival, officers spoke with the victim who stated she left her house and when she returned, observed her back doors were open. Nothing was reported stolen."
December 30th 2024 - October 1st 2024 Crime News,24077655,12/13/24,6:17 PM,Residential Breaking & Entering,"Somerville Police responded to a residence on Pleasant Ave for report of breaking and entering. Upon arrival, officers spoke with the victim who stated he observed a male party standing in his hallway. He confronted the male and he left the residence. Officers began to search the area and located the male suspect nearby. He was identified."
December 30th 2024 - October 1st 2024 Crime News,24077850,12/14/24,3:25 PM,Residential Breaking & Entering,"Somerville Police responded to a residence on Alpine St for report of breaking and entering. Upon arrival, officers spoke with the victim who stated two bicycles were stolen from his basement."
December 30th 2024 - October 1st 2024 Crime News,24078312,12/16/24,6:13 PM,Assault,"Somerville Police responded to a business in Assembly Row for report of an assault. Upon arrival, officers spoke with an employee who stated a juvenile male entered the store and was asked to leave. The juvenile then threw an egg at the employee striking him in the eye."
December 30th 2024 - October 1st 2024 Crime News,24076085,12/7/24,7:21 AM,Firearm Arrest,"Somerville Police responded to 30 Washington St for a report of two males who exited a vehicle and left it parked in the roadway. Upon arrival, officers observed the two males walking away from the vehicle and inside to the Holiday Inn. Officers conducted a plain-view inspection of the vehicle and observed one 40 cal. bullet inside. Officers then approached the males who appeared nervous and began to reject officers’ commands. Detectives on scene, conducted a search of the area and located a loaded firearm under a nearby vehicle. Both males were subsequently placed under arrest."
December 30th 2024 - October 1st 2024 Crime News,24076534,12/9/24,11:01 AM,Arrest,"Somerville Police responded to Union Sq for report of a fight. Upon arrival, officers spoke with the victim who stated she was involved in a road rage argument with a female party. During the argument, the female party attacked the victim then damaged her belongings. Officers placed the"
December 30th 2024 - October 1st 2024 Crime News,24075924,12/6/24,1:14 PM,Assault,"Somerville Police responded to a business in Davis Sq for report of an assault. Upon arrival, officers spoke with the victim who stated a male party entered the store and attempted to return a phone charger. When the male was told he couldn’t return it, he threw it at the victim’s face."
December 30th 2024 - October 1st 2024 Crime News,24075186,12/2/24,9:46 PM,Shots Fired,"Somerville Police responded to 500 Mystic Ave for a report of shots fired. Upon arrival, officers observed a vehicle with ballistic damage and located three shell casings nearby. No injuries were reported."
December 30th 2024 - October 1st 2024 Crime News,24074718,11/29/24,8:47 PM,Assault,"Somerville Police responded to 379 Broadway for report of juveniles vandalizing the building. Upon arrival, officers spoke with the victim who stated he observed a group of teens inside the building trashing it and throwing things around. Then teens then began yelling at the victim and threw rocks and other items at him. Officers identified the suspects."
December 30th 2024 - October 1st 2024 Crime News,24074393,11/27/24,1:16 PM,Assault,"Somerville Police responded to Davis Sq for report of harassment. Upon arrival, officers spoke with the victim who stated she was walking in Davis Sq and was approached by a male party who began to follow her. She then tried to get away and the suspect grabbed her arm. The victim pulled her arm"
December 30th 2024 - October 1st 2024 Crime News,24073065,11/21/24,8:24 AM,Bomb Threat,"Somerville Police responded to the Kennedy School for report of a bomb threat. Upon arrival, officers searched the school and the perimeter and did not locate any suspicious parties or devices."
December 30th 2024 - October 1st 2024 Crime News,24073002,11/20/24,10:20 PM,Residential Breaking & Entering,"Somerville Police responded to a residence on Horace St for report of a breaking and entering. Upon arrival, officers spoke with the victim who stated she was in her bedroom and heard footsteps coming from downstairs. She then heard a door shut before officers arrived. Nothing was"
December 30th 2024 - October 1st 2024 Crime News,24073140,11/21/24,1:57 PM,Arrest,"Somerville Police responded to a residence on Hathorn St for report of a breaking and entering. Upon arrival, officers spoke with the victim who stated a female party had kicked his door in. Officers then located the suspect nearby and she was placed under arrest."
December 30th 2024 - October 1st 2024 Crime News,24073534,11/23/24,12:02 PM,Residential Breaking & Entering,"Somerville Police responded to a residence on Medford St for a dispute. Upon arrival, officers spoke with the victim who stated an unknown male pushed open his door and began yelling at him. The victim closed the door and the suspect left the area."
December 30th 2024 - October 1st 2024 Crime News,24073862,11/25/24,7:48 AM,Residential Breaking & Entering,"Somerville Police responded to a residence on Warwick St for past breaking and entering. Upon arrival, officers spoke with the victim who stated he observed his front door pried open. He also stated someone broke into the property a few days prior and stole several shower heads."
December 30th 2024 - October 1st 2024 Crime News,24073416,11/22/24,9:12 PM,Arrest,"Somerville Police responded to a residence on Governor Winthrop Rd for a noise call. Upon arrival, officers spoke with the victim who stated he was in his living room and saw a saw coming through his wall. He then observed a male party break open the wall and enter into his apartment. The male suspect then assaulted the victim. Officers located the male suspect and he was placed"
December 30th 2024 - October 1st 2024 Crime News,24071523,11/14/24,5:20 PM,Residential Breaking & Entering,"Somerville Police responded to a residence on Warren Ave for report of a past breaking and entering. Upon arrival, officers spoke with the victim who stated he left his residence and when he returned, noticed his door was damaged and a guitar was stolen."
December 30th 2024 - October 1st 2024 Crime News,24071166,11/13/24,11:56 AM,Arrest,"Somerville Police responded to a business on Broadway for report of an assault. Upon arrival, officers spoke with an employee who stated a male party was getting his haircut then got up and attacked another employee. Officers placed the male suspect under arrest."
December 30th 2024 - October 1st 2024 Crime News,24072484,11/18/24,10:45 PM,Robbery,"Somerville Police responded to Chuckie Harris Park for a fight. Upon arrival, officers spoke with the victim who stated he was attacked by a group of males and his cellphone was stolen. The victim suffered"
December 30th 2024 - October 1st 2024 Crime News,24072164,11/17/24,5:36 PM,Assault,"Somerville Police responded to Broadway for report of an injured party. Upon arrival, officers spoke with the victim who stated he was involved in a fight with another male. The victim suffered injuries to his"
December 30th 2024 - October 1st 2024 Crime News,24072582,11/19/24,9:20 AM,Assault,"Somerville Police responded to Somerville Ave & Park St for a check condition. Upon arrival, officers spoke with the victim who stated she was in a shared Uber with another female and was attacked during the ride. The victim suffered injuries to her eye."
December 30th 2024 - October 1st 2024 Crime News,24071792,11/15/24,6:20 PM,Residential Breaking & Entering,"Somerville Police responded to a residence on North St for report of a past breaking and entering. Upon arrival, officers spoke with the victim who stated a few days prior she was in her living room an noticed a male party walk into her apartment. The suspect then left the residence. Nothing was"
December 30th 2024 - October 1st 2024 Crime News,24070507,11/10/24,2:30 PM,Residential Breaking & Entering,"Somerville Police responded to a residence on Partridge Ave for a past breaking and entering. Upon arrival, officers spoke with the victim who stated her window was broken. Nothing was reported missing."
December 30th 2024 - October 1st 2024 Crime News,24070496,11/10/24,1:16 PM,Residential Breaking & Entering,"Somerville Police responded to a residence on College Ave for a breaking and entering. Upon arrival, officers spoke with the reporting party who stated he was checking on his friend’s apartment and noticed a male party inside. The suspect was then chased out of the house. Nothing was reported"
December 30th 2024 - October 1st 2024 Crime News,24070137,11/8/24,9:40 PM,Arrest,"Somerville Police responded to Fenwick St & Heath St for a weapons call. Upon arrival, officers spoke with two victims who stated they were approached by a male party with a knife. Officers located the male suspect and he was placed under arrest."
December 30th 2024 - October 1st 2024 Crime News,24068293,10/31/24,10:33 PM,Armed Robbery,"Somerville Police responded to Somerville Ave for report of an armed robbery. Upon arrival, officers spoke with the victim who stated het met up with a male party on Woodstock St to sell some sneakers. When the male party arrived, he pulled out a gun and stole the victims sneakers."
December 30th 2024 - October 1st 2024 Crime News,24067964,10/30/24,2:46 PM,Assault,"Somerville Police responded to the East Somerville Community School for a weapons call. Upon arrival, officers spoke with the reporting party who stated a juvenile male was shooting people on the soccer field"
December 30th 2024 - October 1st 2024 Crime News,24068911,11/3/24,9:04 PM,Assault,Somerville Police were flagged down by a male party on Broadway who stated he was dropping off his daughter and was approached by a male party who began to fight him. Officers identified the suspect.
December 30th 2024 - October 1st 2024 Crime News,24068423,11/1/24,12:20 PM,Residential Breaking & Entering,Somerville Police took a report regarding a past breaking and entering at a multifamily complex on Bow St. The victim who stated his bike was stolen from the building common area.
December 30th 2024 - October 1st 2024 Crime News,24068755,11/3/24,12:13 AM,Assault,Somerville Police were flagged down by a male party on Walnut St who stated he was walking home and was attacked by three young males. The victim suffered injuries to his face.
December 30th 2024 - October 1st 2024 Crime News,24068560,11/2/24,12:30 AM,Arrest,"Somerville Police responded to Sunset Rd for a weapons call. Upon arrival, officers spoke with a group of Tufts students who stated they were standing outside and were approached by a male party holding a machete. The suspect then slammed the machete on the ground in front of them. Officers located the suspect and he was placed under arrest. 24066675, 24066760, 24067553: From 10/23-10/24, Somerville Police took three reports of scooter thefts from the High School. Officers identified the juvenile suspects involved"
December 30th 2024 - October 1st 2024 Crime News,24065716,10/21/24,10:10 AM,Assault,"Somerville Police responded to Grand Union Blvd for report of an assault. Upon arrival, officers spoke with a victim who stated a male party spit on her and several other people. Officers identified the male"
December 30th 2024 - October 1st 2024 Crime News,24065429,10/20/24,12:09 AM,Assault,"Somerville Police responded to College Ave for report of an assault. Upon arrival, officers spoke with a victim who stated a male party brandished a knife and ran at him."
December 30th 2024 - October 1st 2024 Crime News,24065075,10/18/24,2:14 PM,Residential Breaking & Entering,"Somerville Police responded to a residence on Ellsworth St for a past breaking and entering. Upon arrival, officers spoke with the victim who stated she left her house and when she returned, noticed her daughter’s bedroom door was broken. Nothing was reported missing."
December 30th 2024 - October 1st 2024 Crime News,24066338,10/23/24,1:35 PM,Commercial Breaking & Entering,"Somerville Police responded to a construction site on Somerville Ave for a past breaking and entering. Upon arrival, officers spoke with the reporting party who stated a male party broke into the site and"
December 30th 2024 - October 1st 2024 Crime News,24066368,10/23/24,4:45 PM,Arrest,"Somerville Police were conducting a patrol in the area of Statue Park. While patrolling, officers observed a male party brandishing a baton and threatening people with it. The male suspect was then placed"
December 30th 2024 - October 1st 2024 Crime News,24067483,10/28/24,11:51 AM,Bank Robbery,"Somerville Police responded to a bank on Cutter Ave for report of a robbery. Upon arrival, officers spoke with a teller who stated a male party entered the bank then handed her a note demanding money. The suspect was given cash and fled in a vehicle."
December 30th 2024 - October 1st 2024 Crime News,24065673,10/21/24,2:00 AM,Shots Fired,"Somerville Police responded to Memorial Rd for report of shots fired. Upon arrival, officers recovered one hollow point round and one spent casing. Investigation is ongoing."
December 30th 2024 - October 1st 2024 Crime News,24064663,10/16/24,7:58 PM,Commercial Breaking & Entering,"Somerville Police responded to a business on Broadway for report of a past breaking an entering. Upon arrival, officers spoke with the owner who stated a male party broke the store window then entered and began to look through the counter. Nothing was reported missing."
December 30th 2024 - October 1st 2024 Crime News,24066808,10/25/24,12:46 PM,Assault,"Somerville Police responded to the High School for report of someone trying to steal a bicycle. Upon arrival, officers spoke with the reporting party who stated a juvenile male was trying to cut the lock off a bike and assaulted a staff member trying to restrain him."
December 30th 2024 - October 1st 2024 Crime News,24067602,10/28/24,10:38 PM,Assault,"Somerville Police responded to Broadway for report of an assault. Upon arrival, officers spoke with the victim who stated he was playing poker with two males and one of the males stabbed him in the"
December 30th 2024 - October 1st 2024 Crime News,24063136,10/10/24,12:00 AM,Residential Breaking & Entering,"Somerville Police responded to a residence on Prospect St for a past breaking and entering. Upon arrival, officers spoke with the victim who stated he was sleeping and awoke to a male party in his room attempting to take his backpack. The victim confronted the suspect and the suspect fled"
December 30th 2024 - October 1st 2024 Crime News,24063206,10/10/24,8:10 AM,Arrest,"Somerville Police responded to a residence on Line St for a breaking and entering in progress. While enroute, officers were given a suspect description and located a male party matching the description on scene. He was then placed under arrest."
December 30th 2024 - October 1st 2024 Crime News,24063238,10/10/24,11:48 AM,Arrest,"Somerville Police responded to Statue Park for a male that was chasing people with an axe. Upon arrival, officers spoke with the victim who stated a male party began swinging the axe at her during a confrontation. Officers then located the male holding the axe and demanded he drop it. The male suspect was then placed under arrest."
December 30th 2024 - October 1st 2024 Crime News,24063851,10/12/24,8:51 PM,Robbery,"Somerville Police responded to 14 Broadway for report of a robbery. Upon arrival, officers spoke with the victim who stated a male party pushed and kicked him then stole his phone and cash."
December 30th 2024 - October 1st 2024 Crime News,24063554,10/11/24,1:47 PM,Residential Breaking & Entering,"Somerville Police responded to a residence on Pearl St for a past breaking and entering. Upon arrival, officers spoke with the victim who stated her bicycle was stolen from her enclosed porch."
December 30th 2024 - October 1st 2024 Crime News,24063825,10/12/24,6:28 PM,Residential Breaking & Entering,"Somerville Police responded to a residence on Concord Ave for a past breaking and entering. Upon arrival, officers spoke with the victim who stated someone entered her apartment and pushed the ceiling tiles in her bathroom. Nothing was reported missing."
December 30th 2024 - October 1st 2024 Crime News,24063829,10/12/24,6:47 PM,Assault,"Somerville Police responded to Alewife Brook Pkwy for an assault. Upon arrival, officers spoke with the victim who stated she got into a traffic altercation with a female party. During the altercation, the female party drove toward the victim but stopped before hitting her. Officers identified"
December 30th 2024 - October 1st 2024 Crime News,24062359,10/6/24,11:54 PM,Attempted Robbery,"Somerville Police responded to Walnut St for report of a robbery. Upon arrival, officers spoke with two victims who stated they were sitting in their car at Leathers Park and were approached by two males who demanded their money and car. The victims stated they saw a black object resembling a handgun in one of the suspects waistbands. The victims then fled the area. Shortly after, officers spoke with two more victims who stated while they were walking home near Walnut St & Gilman St, two males approached them and demanded their money. The victims both fled the area to their home."
December 30th 2024 - October 1st 2024 Crime News,24062011,10/5/24,3:58 PM,Bomb Threat,Somerville Police took a report regarding a bomb threat at Somerville Central Park and Library. Officers evacuated the library then began to search the building and surrounding area for explosives. No explosives were located and the area was deemed safe.
December 30th 2024 - October 1st 2024 Crime News,24062255,10/6/24,2:36 PM,Threat,"Somerville Police responded to the Central Library for report of someone possibly on the roof with a firearm. Upon arrival, officers conducted a search of the roof and did not locate anyone or anything suspicious. Officers also searched the East and West libraries and did not locate anyone."
September 30th 2024 - July 2nd 2024 Crime News,24059774,9/26/24,8:43 PM,Assault,"Somerville Police responded to College Ave for report of a past assault. Upon arrival, officers spoke with the victim who stated he was in Statue Park and was attacked by two males."
September 30th 2024 - July 2nd 2024 Crime News,24059437,9/25/24,2:10 PM,Assault,"Somerville Police responded to a business on Somerville Ave for report of a past assault. Upon arrival, officers spoke with the victim who stated he was waiting to use the bathroom and was attacked by a male"
September 30th 2024 - July 2nd 2024 Crime News,24056949,9/26/24,11:34 AM,Arrest,"Somerville Police responded to Broadway for report of an intoxicated male. Upon arrival, officers observed a male party yelling profanities and kicking a building. The victim stated the male party was sleeping in the doorway and pushed the door into the victim striking him on his side. Officers placed the male suspect under arrest."
September 30th 2024 - July 2nd 2024 Crime News,24060462,9/29/24,6:20 PM,Robbery,"Somerville Police responded to a business on Broadway for a robbery. Upon arrival, officers spoke with the clerk who stated a male party entered then brandished a kitchen knife and demanded money from the register. He was given money then fled onto Brighton St."
September 30th 2024 - July 2nd 2024 Crime News,24057908,9/19/24,9:59 AM,Assault,"Somerville Police responded to Partridge Ave for report of an assault. Upon arrival, officers spoke with the victim who stated he got into an altercation with a male party known to him. During the altercation, the male party grabbed the victim’s neck then threatened him with a hammer. Officers"
September 30th 2024 - July 2nd 2024 Crime News,24057637,9/18/24,11:11 AM,Assault,"Somerville Police responded to Davis Sq for report of a fight. Upon arrival, officers spoke with two male parties who stated they were involved in a fight with each other. Officers identified both males."
September 30th 2024 - July 2nd 2024 Crime News,24057480,9/17/24,6:54 PM,Assault,"Somerville Police responded to Washington St for report of a past assault. Upon arrival, officers spoke with the victim who stated she was shot with an airsoft gun by two juvenile males riding bicycles."
September 30th 2024 - July 2nd 2024 Crime News,24057466,9/17/24,5:54 PM,Assault,"Somerville Police responded to 299 Broadway for report of a past assault. Upon arrival, officers spoke with the victim who stated he was shot with an airsoft gun by three juvenile males riding bicycles."
September 30th 2024 - July 2nd 2024 Crime News,24057450,9/17/24,5:10 PM,Assault,"Somerville Police responded to Gilman St for report of a past assault. Upon arrival, officers spoke with the victim who stated she was shot with an airsoft gun by three juvenile males riding bicycles."
September 30th 2024 - July 2nd 2024 Crime News,24057127,9/16/24,4:15 PM,Assault,"Somerville Police responded to Beacon St for report of a sick person. Upon arrival, officers spoke with the victim who stated he was walking his dog in the area of Webster Ave & Concord Ave and was shot with an airsoft gun by two juvenile males riding bicycles."
September 30th 2024 - July 2nd 2024 Crime News,24055979,9/11/24,7:10 PM,Residential Breaking and Entering,"Somerville Police responded to a residence on Indiana Ave for report of a past breaking and entering. Upon arrival, officers spoke with the victim who stated sometime over the past weekend, someone entered her home and stole her car keys."
September 30th 2024 - July 2nd 2024 Crime News,24055618,9/10/24,9:30 AM,Residential Breaking and Entering,"Somerville Police responded to an apartment complex on Canal Ln for report of a past breaking and entering. Upon arrival, officers spoke with the victim who stated two female parties were observed via surveillance inside her apartment. Nothing was reported missing at this time."
September 30th 2024 - July 2nd 2024 Crime News,24055899,9/11/24,12:41 PM,Residential Breaking and Entering,"Somerville Police responded to a residence on Chetwynd Rd for report of a past breaking and entering. Upon arrival, officers spoke with the victim who stated someone entered his basement and stole a"
September 30th 2024 - July 2nd 2024 Crime News,24056741,9/14/24,11:21 PM,Assault,"Somerville Police responded to CVS in Davis Sq for report of a male with a knife. Upon arrival, officers spoke with an employee who stated a male party entered the store and was recognized as a frequent shoplifter. The employee then told the suspect he had to leave and the suspect brandished a knife and tried to stab the employee."
September 30th 2024 - July 2nd 2024 Crime News,24056615,9/14/24,12:08 PM,Assault,"Somerville Police responded to Washington St for report of an assault. Upon arrival, officers spoke with the victim who stated she was sitting outside her apartment and was approached by a female party who began to yell at her then spit in her face. Officers identified the female suspect."
September 30th 2024 - July 2nd 2024 Crime News,24056369,9/13/24,11:26 AM,Assault,"Somerville Police responded to Tower St for report of a past assault. Upon arrival, officers spoke with the juvenile victim who stated the day prior, he was attacked by two juvenile males known to him. Officers"
September 30th 2024 - July 2nd 2024 Crime News,24056353,9/13/24,10:11 AM,Assault,"Somerville Police responded to Governor Winthrop Rd for a dispute. Upon arrival, officers spoke with the victim who stated he is a realtor and was showing a house and a male party approached him then forcefully grabbed his arm. Officers identified the male suspect."
September 30th 2024 - July 2nd 2024 Crime News,24056499,9/13/24,9:24 PM,Assault,"Somerville Police responded to Cedar St for report of a group of males throwing items at people. Upon arrival, officers spoke with a female party who stated she and her husband were walking home on Lowell St and were approached by a group of juvenile males. The group of juveniles then began attacking her husband and fled the area. The victim suffered injuries to his nose. Officers"
September 30th 2024 - July 2nd 2024 Crime News,24056642,9/14/24,3:40 PM,Assault,"Somerville Police responded to Chetwynd Rd & Curtis St for a weapons call. Upon arrival, officers spoke with the victim who stated he got into a traffic altercation with a male party. During the altercation, the victim stated the suspect brandished a firearm. Officers located and stopped the suspect"
September 30th 2024 - July 2nd 2024 Crime News,24054468,9/5/24,3:54 PM,Assault,"Somerville Police responded to Mystic Ave for report of a dispute. Upon arrival, officers spoke with the victim who stated he got into a confrontation with a male party. During the confrontation, the male party punched the victim then put on brass knuckles and attempted to punch him again."
September 30th 2024 - July 2nd 2024 Crime News,24054264,9/4/24,8:19 PM,Robbery,"Somerville Police responded to Broadway & North St for report of a robbery. Upon arrival, officers spoke with the juvenile victim who stated he was approached by four males wearing face masks who then proceeded to steal his backpack."
September 30th 2024 - July 2nd 2024 Crime News,24054913,9/7/24,7:39 AM,Commercial Burglary,"Somerville Police responded to a business on Highland Ave for report of a past breaking and entering. Upon arrival, officers spoke with an employee who stated he observed a male party inside his office who then fled toward the train station. Nothing was reported missing."
September 30th 2024 - July 2nd 2024 Crime News,24055297,9/9/24,1:14 AM,Assault,"Somerville Police responded to Bow St for report of a check condition. Upon arrival, officers spoke with the victim who stated she was waiting outside for an Uber and was approached by a male party who began yelling at her. The victim then stated she was calling the police and the male party slapped her phone out of her hand."
September 30th 2024 - July 2nd 2024 Crime News,24054807,9/6/24,8:05 PM,Assault,"Somerville Police responded to Dilboy Stadium for report of a fight. Upon arrival, officers encountered a group of juvenile females fighting by the entrance. Officers then began escorting the juvenile victim out of the stadium and three females began attacking her. Officers identified the females"
September 30th 2024 - July 2nd 2024 Crime News,24052808,8/29/24,7:15 PM,Assault,"Somerville Housing Police responded to Weston Ave for report of a past assault. Upon arrival, officers spoke with the victim who stated he invited a male party inside his apartment and the male party threatened him with an object. Officers identified the male suspect."
September 30th 2024 - July 2nd 2024 Crime News,24053399,9/1/24,2:36 PM,Robbery,"Somerville Police responded to Elm St for report of an attempted larceny. Upon arrival, officers spoke with the victim who stated that he entered his vehicle parked in front of his home and was approached by a male party. The male then put his hand in his pocket and motioned as if he had a weapon. The male then stated he wanted something but it was unknown what it was. The victim was able to drive away."
September 30th 2024 - July 2nd 2024 Crime News,24053415,9/1/24,3:30 PM,Assault,"Somerville Police responded to Elm St for a weapons call. Upon arrival, officers spoke with the victim who stated he was on his scooter and was approached by a male party who proceeded to brandish a knife. The victim yelled at him and the suspect fled the area."
September 30th 2024 - July 2nd 2024 Crime News,24051191,8/22/24,11:06 PM,Residential Breaking & Entering,"Somerville Police responded to a residence on Marshall St for report of a past breaking and entering. Upon arrival, officers spoke with the victim who stated he left his apartment and when he returned, observed his apartment door had been damaged and was slightly ajar. Nothing was"
September 30th 2024 - July 2nd 2024 Crime News,24050734,8/20/24,7:40 PM,Robbery,"Somerville Police responded to Assembly Row for report of an armed robbery with a knife. Upon arrival, officers spoke with a juvenile victim who stated he was approached by two juvenile males who brandished knives and demanded he give them his shoes and other belongings. Officers"
September 30th 2024 - July 2nd 2024 Crime News,24050603,8/20/24,9:51 AM,Assault,"Somerville Police took a report from a female victim who stated the day prior while walking on Curtis St, a vehicle pulled up next to her and the occupants began talking to her. The vehicle then took off and the victim was shot in the face with a BB gun. The victim did not have any injuries."
September 30th 2024 - July 2nd 2024 Crime News,24052047,8/26/24,9:08 PM,Assault,"Somerville Police responded to 247 Elm St for report of an assault. Upon arrival, officers spoke with the victim who stated he was approached by a male party after withdrawing money form the ATM. The victim attempted to leave the area and male suspect brandished a knife/box cutter at him. The victim then ran into a nearby business for help."
September 30th 2024 - July 2nd 2024 Crime News,24051494,8/24/24,10:52 AM,Residential Breaking & Entering,"Somerville Police responded to a residence on Highland Ave for report of a past breaking and entering. Upon arrival, officers spoke with the victim who stated frozen meat was stolen from his freezer."
September 30th 2024 - July 2nd 2024 Crime News,24051310,8/23/24,12:29 PM,Residential Breaking & Entering,"Somerville Police responded to a apartment on Broadway for report of a past breaking and entering. Upon arrival, officers spoke with the victim who stated she left her apartment and when she returned, observed a male party inside. The male suspect then left out the front door. Nothing"
September 30th 2024 - July 2nd 2024 Crime News,24049299,8/14/24,1:49 PM,Residential Breaking & Entering,"Somerville Police responded to a residence on Heath St for report of a past breaking and entering. Upon arrival, officers spoke with the victim who stated someone broke into his house and stole numerous"
September 30th 2024 - July 2nd 2024 Crime News,24049684,8/16/24,2:39 AM,Arrest,"Somerville Police responded to a residence on Russell St for report of a breaking and entering in progress. Upon arrival, officers observed a male party walking around inside the residence. He was placed"
September 30th 2024 - July 2nd 2024 Crime News,24050313,8/18/24,10:34 PM,Robbery,"Somerville Police responded to 389 Highland Ave for report of a larceny. Upon arrival, officers spoke with the victim who stated he was with his friends in the area of Seven Hills Park and a male party approached them. The male suspect then punched the victim in the face and stole his"
September 30th 2024 - July 2nd 2024 Crime News,24050348,8/19/24,2:26 AM,Assault,"Somerville Police responded to an apartment complex on Broadway for report of an injured party. Upon arrival, officers spoke with the victim who stated sometime last week she was attacked by a male and female in Seven Hills Park. The victim suffered injuries to her eye and stomach."
September 30th 2024 - July 2nd 2024 Crime News,24049855,8/16/24,4:23 PM,Assault,"Somerville Police responded to a business in Assembly Row for report of an assault. Upon arrival, officers spoke with an employee who stated a juvenile male entered the store and stole two drinks. The suspect then came back to the store later and threw a bottle at the employee’s head."
September 30th 2024 - July 2nd 2024 Crime News,24048860,8/12/24,8:54 PM,Assault,"Somerville Police responded to 115 Broadway for report of an assault. Upon arrival, officers spoke with the victim who stated he was assaulted nearby but would not provide any further information. The victim had injuries to his stomach, fingers and elbow."
September 30th 2024 - July 2nd 2024 Crime News,24048684,8/12/24,2:55 AM,Assault,Somerville Police were flagged down on College Ave for a female party in distress. She stated that she was approached by another female near the Davis Sq train station and was sprayed with mace.
September 30th 2024 - July 2nd 2024 Crime News,24044429,7/31/24,5:23 PM,Robbery,"Somerville Police took a report regarding an armed robbery that occurred the day prior. The juvenile victim stated he communicated with a male known via SnapChat and agreed to sell him a pair of sneakers. The victim and his friend then drove to the meetup location and were met by two males who proceeded to enter the victim’s vehicle. Once inside, the suspects brandished firearms at the victims then took control of vehicle and drove to banks in Cambridge and Medford where they had the victims withdraw money. The suspects then drove the vehicle back to Somerville and exited. Prior to leaving the area, the suspects stole the victims cell phones, a pair of sneakers and a gold chain."
September 30th 2024 - July 2nd 2024 Crime News,24046152,7/31/24,8:11 PM,Assault,Somerville Police took a report regarding an assault that occurred on 7/29/24. The victim stated he was walking in Assembly Row and was approached by two young males who began attacking him. The victim suffered a concussion and injuries to his nose.
September 30th 2024 - July 2nd 2024 Crime News,24046153,7/31/24,8:29 PM,Arrest,"Somerville Police responded to a business in Twin City Plaza for a weapons call. Upon arrival, officers spoke with the victim who stated a male party was observed shoplifting. When the victim confronted the suspect, the suspect pushed him and pulled out a weapon believed to be a knife. The suspect was located and placed under arrest."
September 30th 2024 - July 2nd 2024 Crime News,24047011,8/4/24,2:31 PM,Assault,"Somerville Police responded to Glen St for report of a fight. Upon arrival, officers spoke with the victim who stated he exited his vehicle after returning home and was punched by a male party. Officers identified the"
September 30th 2024 - July 2nd 2024 Crime News,24047137,8/5/24,8:50 AM,Arrest,"Somerville Police responded to 1366 Broadway for a fight. Upon arrival, officers spoke with the victim who stated he got into a fight with one of his co-workers and was pepper sprayed. Officers located the male suspect and he was placed under arrest."
September 30th 2024 - July 2nd 2024 Crime News,24046567,8/2/24,2:17 PM,Arrest,"Somerville Police responded to Dartmouth St for a weapons call. Upon arrival, officers spoke with two witnesses who stated two males were involved in a fight. During the fight, one of the males struck the victim with an airsoft gun. Officers located the suspect and he was placed under arrest."
September 30th 2024 - July 2nd 2024 Crime News,24044429,7/24/24,5:23 PM,Assault,"Somerville Police responded to Richdale Ave for report of a past assault. Upon arrival, officers spoke with the victim who stated she was walking her dog and was then punched by her neighbor after they got into an argument. Officers identified the suspect."
September 30th 2024 - July 2nd 2024 Crime News,24045414,7/28/24,7:11 PM,Residential Breaking & Entering,"Somerville Police responded to a residence on Aldrich St for report of a past breaking and entering. Upon arrival, officers spoke with the landlord who stated a former tenant broke into another tenant’s room and damaged several belongings. Officers identified the suspect."
September 30th 2024 - July 2nd 2024 Crime News,24043038,7/18/24,8:09 PM,Assault,"Somerville Police responded to a business on McGrath Hwy for report of a larceny. Upon arrival, officers spoke with an employee who stated a male party entered and stole a prepaid meal. The suspect then shoved an employee trying to stop him."
September 30th 2024 - July 2nd 2024 Crime News,24043485,7/20/24,5:30 PM,Assault,"Somerville Police responded to Middlesex Ave for an assault. Upon arrival, officers spoke with the victim who stated he got into a traffic altercation with a female party. During the altercation, the female spit"
September 30th 2024 - July 2nd 2024 Crime News,24043226,7/19/24,1:10 PM,Assault,"Somerville Police responded to 79 Highland Ave for report of an assault. Upon arrival, officers spoke with the victim who stated he was outside the library and was attacked by a group of juveniles. The victim"
September 30th 2024 - July 2nd 2024 Crime News,24043340,7/19/24,10:47 PM,Residential Breaking & Entering,"Somerville Police responded to a residence on Moreland St for report of a past breaking and entering. Upon arrival, officers spoke with the victim who stated someone broke into her house via the back"
September 30th 2024 - July 2nd 2024 Crime News,24044068,7/23/24,9:42 AM,Residential Breaking & Entering,"Somerville Police responded to a residence on Lexington Ave for report of a past breaking and entering. Upon arrival, officers spoke with the victim who stated someone broke into her garage and stole a"
September 30th 2024 - July 2nd 2024 Crime News,24040886,7/10/24,9:33 AM,Residential Breaking & Entering,"Somerville Police responded to a residence on Vernon St for report of a past breaking and entering. Upon arrival, officers spoke with the victim who stated a male party stole a bicycle and electric scooter from"
September 30th 2024 - July 2nd 2024 Crime News,24041406,7/12/24,10:13 AM,Residential Breaking & Entering,"Somerville Police responded to a residence on Vernon St for report of a past breaking and entering. Upon arrival, officers spoke with the victim who stated two bikes were stolen from her house while she was"
September 30th 2024 - July 2nd 2024 Crime News,24041341,7/12/24,3:56 AM,Assault,"Somerville Police responded to College Ave for report of a man bleeding. Upon arrival, officers observed a male victim suffering from an injury to his head. The victim stated he was sitting in Seven Hills Park and was struck from behind with a crowbar."
September 30th 2024 - July 2nd 2024 Crime News,24040768,7/9/24,6:16 PM,Assault,"Somerville Police responded to Powder House Blvd for report of threats. Upon arrival, officers spoke with the victim who stated she was biking home from work and got into an altercation with a male party on the bike path. During the altercation, the male party grabbed his bike lock and threatened to hit the victim with it."
September 30th 2024 - July 2nd 2024 Crime News,24041233,7/11/24,4:07 PM,Arrest,"Somerville Police responded to Union Sq for a fight. Upon arrival, officers spoke with a juvenile victim who stated she got into an altercation with a female party. During the altercation, the female suspect attacked the victim then destroyed some of her belongings. Officers located the suspect and she"
September 30th 2024 - July 2nd 2024 Crime News,24041437,7/12/24,12:11 PM,Firearm / Narcotics Recovery,Somerville Police conducted a motor vehicle stop on Pearl St & Delaware St. The operator was determined to have an active warrant and was placed under arrest. Officers then searched the vehicle and found a loaded firearm as well as approximately 30 grams of crack cocaine.
September 30th 2024 - July 2nd 2024 Crime News,24041566,7/13/24,9:37 PM,Assault,"Somerville Police responded to Rose St for report of a man holding a gun. Upon arrival, officers spoke with several witnesses who stated they observed a male party operating a vehicle arguing with a female on the sidewalk. Reportedly, the male party then pointed a dark object at the female which may"
September 30th 2024 - July 2nd 2024 Crime News,24041964,7/14/24,9:00 PM,Commercial Breaking & Entering,"Somerville Police responded to a gas station on Boston Ave for report of a B&E. Upon arrival, officers spoke with the reporting party who stated he observed a male and female enter the gas station, steal items then flee in a vehicle. Officers conducted a walkthrough of the business with the owner and nothing appeared to be damaged. It’s unknown if anything was stolen at this"
September 30th 2024 - July 2nd 2024 Crime News,24041558,7/12/24,9:11 PM,Assault,"Somerville Police responded to Assembly Row for report of an assault. Upon arrival, officers spoke with the victim who stated he was involved in an altercation with a male party operating a vehicle. During the altercation, the male suspect kicked the victim then fled in his vehicle and struck three individuals trying to stop him."
September 30th 2024 - July 2nd 2024 Crime News,24041154,7/11/24,10:16 AM,Residential Breaking & Entering,"Somerville Police responded to a residence on Knowlton St for report of a past breaking and entering. Upon arrival, officers spoke with the victim who stated the property is under construction and he observed a male party sleeping on his porch. He then observed the screen to his window was cut and the window left open. Nothing was reported missing."
September 30th 2024 - July 2nd 2024 Crime News,24042272,7/16/24,8:32 AM,Residential Breaking & Entering,"Somerville Police responded to a residence on Central St for report of a past breaking and entering. Upon arrival, officers spoke with the victim who stated the property is under construction and tools were"
September 30th 2024 - July 2nd 2024 Crime News,24041725,7/13/24,4:32 PM,Residential Breaking & Entering,"Somerville Police responded to a residence on Alpine St for report of a past breaking and entering. Upon arrival, officers spoke with the victim who stated two bicycles were stolen from the common hallway of"
September 30th 2024 - July 2nd 2024 Crime News,24041702,7/13/24,2:29 PM,Arrest,"Somerville Police responded to Dartmouth St for report of someone throwing bottles. Upon arrival, officers spoke with the victim who stated he was outside and a male party began yelling at him then threw glass beer bottles at him. Officers located the male suspect and he was placed under"
September 30th 2024 - July 2nd 2024 Crime News,24041567,7/12/24,9:37 PM,Arrest,"Somerville Police responded to a residence on Summer St for report of an assault. Upon arrival, officers spoke with the victim who stated he his neighbor broke into his house then attacked him. Officers located the suspect and he was placed under arrest."
September 30th 2024 - July 2nd 2024 Crime News,24039741,7/5/24,12:02 AM,Assault,"Somerville Police responded to Perkins St for report of a fight. Upon arrival, officers spoke with two victims who stated they were outside and observed their friend in altercation with a male party. They went over to see what was going on and the male suspect pulled out a machete and began waving it at all of them. Officers identified the male suspect."
September 30th 2024 - July 2nd 2024 Crime News,24039262,7/2/24,3:51 PM,Residential Breaking & Entering,"Somerville Police responded to a residence on Adrian St for report of a past breaking and entering. Upon arrival, officers spoke with the victim who stated he went out and when he returned, noticed his camera"
September 30th 2024 - July 2nd 2024 Crime News,24040572,7/8/24,10:15 PM,Residential Breaking & Entering,"Somerville Police responded to a residence on Park Ave for a check condition. Upon arrival, officers spoke with the victim who stated a male party who lives nearby entered his house. Nothing was reported missing. Officers identified the male suspect."
September 30th 2024 - July 2nd 2024 Crime News,24040487,7/8/24,4:08 PM,Assault,"Somerville Police responded to the West Branch Library for report of a dispute. Upon arrival, officers spoke with the staff who stated they wanted a female party removed after she assaulted another individual inside. Officers identified the female suspect."
July 1st 2024 - April 2nd 2024 Crime News,24037631,6/25/24,10:37 AM,Assault,"Somerville Police responded to a business on Beacon St for report of a past assault. Upon arrival, officers spoke with the two victims who stated they were involved in an argument with a male party inside the store. During the argument, the male suspect brandished a pocketknife. Officers"
July 1st 2024 - April 2nd 2024 Crime News,24038485,6/28/24,9:25 PM,Assault,"Somerville Police responded to 275 Broadway for report of an assault. Upon arrival, officers spoke with the victim who stated he got into an argument with a male party. During the argument, the male suspect struck the victim with a wooden object. The victim suffered wounds to his arm"
July 1st 2024 - April 2nd 2024 Crime News,24038370,6/28/24,12:41 PM,Assault,"Somerville Police responded to Statue Park for report of a dispute. Upon arrival, officers spoke with two male parties who stated they were involved in a fight with each other. During the fight, one of the individuals brandished a knife. Officers identified both male parties."
July 1st 2024 - April 2nd 2024 Crime News,24039153,7/2/24,6:39 AM,Assault,"Somerville Police responded to 4 College Ave for report of a fight. Upon arrival, officers spoke with the victim who stated he was sitting in Statue Park then got into a fight with another male party. During the fight, the male suspect brandished a knife. Officers identified the male suspect."
July 1st 2024 - April 2nd 2024 Crime News,24038381,6/28/24,1:24 PM,Commercial Breaking & Entering,"Somerville Police responded to a business on Highland Ave for report of a past breaking and entering. Upon arrival, officers spoke with the reporting party who stated three checks were missing from an office. Officers reviewed surveillance footage and observed a male party entering the"
July 1st 2024 - April 2nd 2024 Crime News,24036747,6/21/24,7:45 AM,Residential Breaking and Entering,"Somerville Police responded to a residence on Albion St for a past breaking and entering. Upon arrival, officers spoke with the reporting party who stated he noticed the door to his neighbors shed was open while his neighbors were on vacation. Nothing was reported missing."
July 1st 2024 - April 2nd 2024 Crime News,24036250,6/18/24,9:42 PM,Assault,"Somerville Police responded to College Ave for a sick person. Upon arrival, officers spoke with the victim who stated he was sleeping beside the library and was awoken by three males attempting to steal his belongings. The victim confronted the males, and the male suspects began to attack"
July 1st 2024 - April 2nd 2024 Crime News,24037038,6/22/24,2:41 PM,Assault,"Somerville Police responded to a business on Broadway for report of a male with a knife. Upon arrival, officers spoke with the victim who stated he was involved in an argument with a male party after his drink was thrown away. During the argument, the male suspect brandished a folding knife and began to walk toward the victim."
July 1st 2024 - April 2nd 2024 Crime News,24037418,6/24/24,2:49 PM,Residential Breaking & Entering,"Somerville Police responded to a multifamily residence on Cross St for report of a past breaking and entering. Upon arrival, officers were informed that a male party entered the building and began checking door handles to numerous apartments. The victim reported that a laptop was"
July 1st 2024 - April 2nd 2024 Crime News,24037363,6/24/24,9:56 AM,Residential Breaking & Entering,"Somerville Police responded to a multifamily residence on Cross St for report of a past breaking and entering. Upon arrival, officers spoke with the victim who stated her wallet, keys and electronics were"
July 1st 2024 - April 2nd 2024 Crime News,24037419,6/24/24,2:51 PM,Residential Breaking & Entering,"Somerville Police responded to a residence on Central St for report of a past breaking and entering. Upon arrival, officers spoke with the victim who stated a Fedex driver delivered a package to her house. Shortly after, an occupant of a vehicle nearby entered the victim’s home and took the"
July 1st 2024 - April 2nd 2024 Crime News,24037458,6/24/24,5:33 PM,Assault,"Somerville Police responded to 300 Broadway for report of a fight. Upon arrival, officers spoke with the juvenile victim who stated she was walking on Temple St with her daughter and friends and were approached by a group of juveniles trying to fight her. A male juvenile in the group brandished a pocket knife at her. Officers identified the male juvenile."
July 1st 2024 - April 2nd 2024 Crime News,24037323,6/24/24,6:14 AM,Commercial Breaking & Entering,"Somerville Police responded to a business on Beacon St for report of a past breaking and entering. Upon arrival, officers spoke with the store owner who stated he arrived for work and observed damage to multiple door frames. Nothing was reported missing."
July 1st 2024 - April 2nd 2024 Crime News,24037204,6/23/24,12:17 PM,Arrest,"Somerville Police responded to lower Broadway for report of a male carrying a crowbar and yelling at people. Upon arrival, officers spoke with the victim who stated he was walking down Broadway and the male suspect approached him then brandished a crowbar and threatened to kill him. Officers located the male suspect and he was placed under arrest."
July 1st 2024 - April 2nd 2024 Crime News,24034985,6/13/24,2:43 PM,Residential Breaking and Entering,"Somerville Police responded to an apartment complex on Innerbelt Rd for a past breaking and entering. Upon arrival, officers spoke with the reporting party who stated someone gained access to the mechanical room and was living there. Nothing was reported missing."
July 1st 2024 - April 2nd 2024 Crime News,24035032,6/13/24,7:39 PM,Assault,"Somerville Police responded to Cypress St for report of a past assault. Upon arrival, officers spoke with a juvenile victim who stated earlier in the day, she was attacked by another juvenile. The victim suffered"
July 1st 2024 - April 2nd 2024 Crime News,24034731,6/12/24,5:26 PM,Assault,"Somerville Police responded to Sewall St for an assault. Upon arrival, officers spoke with the victim who stated she was sitting outside her residence and was approached by a female who began yelling at her. The female suspect then pushed a shopping cart into the victim."
July 1st 2024 - April 2nd 2024 Crime News,24035314,6/14/24,6:07 PM,Assault,"Somerville Police responded to Walnut St for an assault. Upon arrival, officers spoke with the victim who stated she was at Leathers Park and was approached by a female party. As the victim began walking away, the suspect and a group of females began punching the victim repeatedly."
July 1st 2024 - April 2nd 2024 Crime News,24032985,6/5/24,3:50 PM,Assault,"Somerville Police responded to 60 Washington St for report of a past assault. Upon arrival, officers spoke with the victim who stated while she was walking home, a male on a bike pushed her causing her to fall."
July 1st 2024 - April 2nd 2024 Crime News,24033387,6/6/24,10:38 PM,Robbery,"Somerville Police responded to Canal Ln for report of a past robbery. Upon arrival, officers spoke with the reporting party who stated her juvenile son was robbed while near the basketball courts. She stated her son got into an argument with several other juveniles. While they were arguing, an older male party approached the victim and took his phone and hoodie."
July 1st 2024 - April 2nd 2024 Crime News,24034248,6/10/24,11:23 PM,Arrest,"Somerville Police responded to a residence on Fennell St for a report of two gunshots fired into the home. Upon arrival, officers located ballistic evidence inside the home then spoke to a nearby witness who provided a suspect description. Shortly after, officers located a male matching the description in the area of 1165 Broadway. Officers conducted a pat frisk of the male and recovered a loaded Glock that was reported stolen out of Reading, MA. The male"
July 1st 2024 - April 2nd 2024 Crime News,24033813,6/8/24,8:08 PM,Assault,"Somerville Police responded to 406 Highland Ave for an assault. Upon arrival, officers spoke with the victim who stated he was involved in a traffic altercation with a male party operating a red Hyundai Sonata with extensive rear damage. During the altercation, the driver stuck his hand out the window and displayed a firearm or knife at the victim."
July 1st 2024 - April 2nd 2024 Crime News,24033971,6/9/24,4:45 PM,Assault,"Somerville Police responded to Highland Ave & Walnut St for an assault. Upon arrival, officers spoke with the juvenile victim who stated he was riding his bike and was involved in an altercation with a male party driving a vehicle. During the altercation, the male party grabbed the juvenile and began to strangle him. Officers identified the male suspect."
July 1st 2024 - April 2nd 2024 Crime News,24033752,6/8/24,2:02 PM,Assault,"Somerville Police responded to 460 Mystic Ave for an assault. Upon arrival, officers spoke with the victim who stated she was involved in an argument with a female party known to her. During the argument, the other female grabbed the victim by the neck and pushed her. Officers identified the"
July 1st 2024 - April 2nd 2024 Crime News,24031544,5/30/24,7:23 PM,Assault,"Somerville Police responded to Sydney St for report of a fight involving a gun. During the fight, one of the males brandished a silver handgun then they both fled the area. One male fled down Sydney St on foot while the other male fled down Taylor St on a bike. Officers canvassed the scene and located two live rounds of 9mm ammunition and a cardboard box with blood"
July 1st 2024 - April 2nd 2024 Crime News,24031389,5/30/24,6:22 AM,Commercial Breaking and Entering,"Somerville Police responded to a building on McGrath Hwy for report of a past breaking and entering. Upon arrival, officers spoke with the property manager who stated someone had slept there overnight and left several belongings behind. The property manager observed a male party leaving the property toward the train tracks."
July 1st 2024 - April 2nd 2024 Crime News,24031626,5/31/24,6:23 AM,Residential Breaking and Entering,"Somerville Police responded to a residence on Sewall St for a report of a past breaking and entering. Upon arrival, officers spoke with the victim who stated medication was stolen from her room."
July 1st 2024 - April 2nd 2024 Crime News,24031237,5/29/24,1:24 PM,Arrest,"Somerville Police responded to 165 Broadway for report of an assault. Upon arrival, officers spoke with the victim who stated he was attacked by a male with a knife. The victim suffered an injury to his chin. Officers then located the male suspect nearby and recovered a screwdriver from his possession. He was then placed under arrest."
July 1st 2024 - April 2nd 2024 Crime News,24032418,6/3/24,11:24 AM,Residential Breaking and Entering,"Somerville Police responded to an apartment complex in Assembly Row for a report of a past breaking and entering. Upon arrival, officers spoke with the building manager who stated a male party broke in and stole an electric scooter from the garage. The suspect also cut all the power cords to the"
July 1st 2024 - April 2nd 2024 Crime News,24032005,6/1/24,3:54 PM,Assault,"Somerville Police responded to a business in Assembly Row for report of a fight. Upon arrival, officers spoke with an employee who stated he asked a female party for her ID. The father of the female then grabbed the employee’s hair while another male attempted to punch him."
July 1st 2024 - April 2nd 2024 Crime News,24029819,5/22/24,4:57 PM,Assault,"Somerville Police responded to Great River Rd for report of an assault. Upon arrival, officers spoke with the victim who stated she was involved in an argument with a male party. During the argument, the male party spit at her. Officers identified the male suspect."
July 1st 2024 - April 2nd 2024 Crime News,24029493,5/21/24,1:56 PM,Commercial Breaking and Entering,"Somerville Police responded to a construction site on Mystic Ave for a report of a past breaking and entering. Upon arrival, officers spoke with the victim who stated several high priced construction items were stolen from the site over the weekend."
July 1st 2024 - April 2nd 2024 Crime News,24030665,5/26/24,6:54 PM,Assault,"Somerville Police responded to Assembly Row for report of an assault. Upon arrival, officers spoke with the reporting party who stated two teenage males on bicycles approached them and began cursing at them. One of the teens then struck the reporting party’s son with his bike."
July 1st 2024 - April 2nd 2024 Crime News,24030793,5/27/24,1:13 PM,Residential Breaking and Entering,"Somerville Police responded to a residence on Sycamore St for a report of a past breaking and entering. Upon arrival, officers spoke with the victim who stated multiple tools of his were stolen from the"
July 1st 2024 - April 2nd 2024 Crime News,24030795,5/27/24,2:00 PM,Arrest,"Somerville Police responded to a residence on Gilman St for report of shots fired. Upon arrival, officers spoke with a witness who observed an altercation outside his house in which a male party discharged a firearm in the direction of another male. The round ricocheted off the pavement and struck a bedroom window. No injuries were reported. Officers later identified the suspect and he was placed under arrest. Officers recovered a loaded handgun from his"
July 1st 2024 - April 2nd 2024 Crime News,24028063,5/15/24,2:13 PM,Assault,"Somerville Police responded to Middlesex Ave for report of a fight. Upon arrival, officers spoke with the victims who stated they were involved in an altercation with two male parties after selling them some speakers. During the altercation, one of the male suspects brandished a knife at them and the other male hit the victim with a golf club. Officers identified both male"
July 1st 2024 - April 2nd 2024 Crime News,24028732,5/18/24,11:25 AM,Arrest,"Somerville Police responded to a residence on Kent Ct for an unwanted individual. Upon arrival, officers observed the back door had been forced open. Upon entering the residence, officers encountered a male party inside who was placed under arrest."
July 1st 2024 - April 2nd 2024 Crime News,24029352,5/21/24,12:28 AM,Robbery,"Somerville Police responded to 84 Broadway for a check condition. Upon arrival, officers spoke with a male party who stated a few hours earlier while in Foss Park, he was approached by four males who brandished knives at him the stole his speaker."
July 1st 2024 - April 2nd 2024 Crime News,24029160,5/20/24,9:35 AM,Commercial Breaking and Entering,"Somerville Police responded to a building on Prospect St for a report of a past breaking and entering. Upon arrival, officers spoke with two victims who stated their bicycle and a tire were stolen from the"
July 1st 2024 - April 2nd 2024 Crime News,24028606,5/17/24,9:39 PM,Assault,"Somerville Police responded to Washington St & Boston St for report of a fight. Upon arrival, officers spoke with the victim who stated a male party came up to his vehicle and began kicking it. The victim confronted the suspect and the suspect brandished a knife and lunged at him. Officers"
July 1st 2024 - April 2nd 2024 Crime News,24028886,5/19/24,2:07 AM,Residential Breaking and Entering,"Somerville Police responded to a residence on Sunset Rd for a report of a past breaking and entering. Upon arrival, officers spoke with the residents who stated they were out of town and when they returned home, observed items out of place and several belongings missing."
July 1st 2024 - April 2nd 2024 Crime News,24025529,5/4/24,8:23 PM,Robbery,"Somerville Police responded to a business in Assembly Row for report of a shoplifting. Upon arrival, officers spoke with the victim who stated a male and female party entered the store and began to shoplift several items. When he approached the suspects, the male suspect brandished a knife at"
July 1st 2024 - April 2nd 2024 Crime News,24025795,5/6/24,8:05 AM,Assault,"Somerville Police responded to Broadway & Temple St for report of a fight. Upon arrival, officers spoke with the victim who stated he was involved in a traffic altercation with a male party operating another vehicle. During the altercation, the male suspect punched the victim in the face. Officers"
July 1st 2024 - April 2nd 2024 Crime News,24026036,5/7/24,6:33 AM,Commercial Breaking & Entering,"Somerville Police responded to a business on Bow St for report of past breaking and entering. Upon arrival, officers spoke with an employee who stated when she arrived for work, she noticed cash was missing"
July 1st 2024 - April 2nd 2024 Crime News,24025529,5/4/24,8:23 PM,Robbery,"Somerville Police responded to a business in Assembly Row for report of a shoplifting. Upon arrival, officers spoke with the victim who stated a male and female party entered the store and began to shoplift several items. When he approached the suspects, the male suspect brandished a knife at"
July 1st 2024 - April 2nd 2024 Crime News,24025795,5/6/24,8:05 AM,Assault,"Somerville Police responded to Broadway & Temple St for report of a fight. Upon arrival, officers spoke with the victim who stated he was involved in a traffic altercation with a male party operating another vehicle. During the altercation, the male suspect punched the victim in the face. Officers"
July 1st 2024 - April 2nd 2024 Crime News,24026036,5/7/24,6:33 AM,Commercial Breaking & Entering,"Somerville Police responded to a business on Bow St for report of past breaking and entering. Upon arrival, officers spoke with an employee who stated when she arrived for work, she noticed cash was missing"
July 1st 2024 - April 2nd 2024 Crime News,24024168,4/29/24,12:30 AM,Assault,"Somerville Police responded to a business on Sanborn Ct for report of a fight. Upon arrival, officers observed the victim suffering from an injury to his eye. He stated that he was inside the business and got into an argument with a male party. During the argument, the male party punched him in the face. Officers identified the male suspect."
July 1st 2024 - April 2nd 2024 Crime News,24023736,4/26/24,8:06 PM,Assault,"Somerville Police responded to a business on Washington St for report of a dispute. Upon arrival, officers spoke with the victim who stated she was thrown to the ground by a male party."
July 1st 2024 - April 2nd 2024 Crime News,24023729,4/26/24,7:10 PM,Assault,"Somerville Police responded to 88 Broadway for report of an assault. Upon arrival, officers spoke with the victim who stated she was standing on the sidewalk and a female party approached her then grabbed her by the hair and threw her to the ground. Officers identified the female"
July 1st 2024 - April 2nd 2024 Crime News,24023660,4/26/24,12:56 AM,Commercial Breaking & Entering,"Somerville Police responded to Innerbelt Rd for a report of vandalism. Upon arrival, officers spoke with the reporting party who stated an unknown male entered the garage of the property. Nothing was"
July 1st 2024 - April 2nd 2024 Crime News,24023300,4/24/24,10:45 PM,Residential Breaking & Entering,"Somerville Police responded to a residence on Winslow Ave for report of a past breaking and entering. Upon arrival, officers spoke with the victim who stated he was out of town and when he returned, noticed his ping pong table was stolen from his garage."
July 1st 2024 - April 2nd 2024 Crime News,24023067,4/23/24,11:40 PM,Residential Breaking & Entering,"Somerville Police responded to a residence on Edgar Ct for report of a past breaking and entering. Upon arrival, officers spoke with the victim who stated a bike was stolen from his enclosed porch."
July 1st 2024 - April 2nd 2024 Crime News,24021420,4/16/24,6:01 PM,Assault,"Somerville Police responded to Assembly Row for report of an assault. Upon arrival, officers spoke with the victim who stated he began talking with a group of young males and one of them brandished a"
July 1st 2024 - April 2nd 2024 Crime News,24021388,4/16/24,4:06 PM,Assault,"Somerville Police responded to a business in Assembly Row for report of an assault. Upon arrival, officers spoke with an employee who stated a group of juveniles entered the restaurant and began causing a disruption and throwing things around. The employee tried to remove the juveniles from the business and was pepper sprayed. Officers identified the juvenile suspects."
July 1st 2024 - April 2nd 2024 Crime News,24021889,4/18/24,6:21 PM,Arrest,"Somerville Police responded to a business on McGrath Hwy for report of a male with a knife. Upon arrival, officers spoke with the victim who stated he observed a group of males drinking. He approached them and told them to leave and one of the males brandished a knife and threatened to kill him. Officers located the suspect nearby and he was placed under arrest."
July 1st 2024 - April 2nd 2024 Crime News,24022789,4/22/24,6:32 PM,Residential Breaking & Entering,"Somerville Police responded to a residence on Centre St for report of a past breaking and entering. Upon arrival, officers spoke with the victim who stated a bicycle was stolen from his enclosed porch."
July 1st 2024 - April 2nd 2024 Crime News,24022888,4/23/24,9:01 AM,Residential Breaking & Entering,"Somerville Police responded to a residence on Princeton St for report of a past breaking and entering. Upon arrival, officers spoke with the victim who stated his electric scooter was stolen from a shed in"
July 1st 2024 - April 2nd 2024 Crime News,24022497,4/21/24,11:02 AM,Residential Breaking & Entering,"Somerville Police responded to a residence on Dearborn Rd for report of a past breaking and entering. Upon arrival, officers spoke with the victim who stated his basement door was left unlocked and a"
July 1st 2024 - April 2nd 2024 Crime News,24022568,4/21/24,7:54 PM,Assault,"Somerville Police responded to a business on Broadway for report of an assault. Upon arrival, officers spoke with an employee who stated he was involved in an argument with a female. During the argument, the female brandished a sharp object at him. Officers located and identified"
July 1st 2024 - April 2nd 2024 Crime News,24020873,4/14/24,9:18 PM,Commercial Breaking & Entering,"Somerville Police responded to a business in Union Sq for report of a past breaking and entering. Upon arrival, officers observed damage to the back of the store and the alarm disabled. An ATM machine inside was sawed open and the cash was stolen. Additionally, cash was stolen from two registers as well numerous cartons of cigarettes."
July 1st 2024 - April 2nd 2024 Crime News,24021020,4/15/24,2:22 AM,Commercial Breaking & Entering,"Somerville Police responded to a business on Broadway for an alarm. Upon arrival, officers observed a side door partially open and several cameras covered up with spray paint. Officers conducted a walkthrough and did not observe anything out of place. Nothing was reported missing."
July 1st 2024 - April 2nd 2024 Crime News,24021300,4/16/24,8:43 AM,Assault,"Somerville Police responded to a business in Assembly Row for report of an assault. Upon arrival, officers spoke with the victim who stated he got into an argument with a male party inside the store and the male pushed him causing him to fall over."
July 1st 2024 - April 2nd 2024 Crime News,24018664,4/2/24,10:10 AM,Robbery,"Somerville Police responded to Davis Sq for report of a robbery. Upon arrival, officers spoke with the victim who stated while walking toward Statue Park, he was attacked by two males. The suspects then stole his wallet, and iPhone. One suspect was described as wearing blue jeans and the other dark"
July 1st 2024 - April 2nd 2024 Crime News,24018598,4/4/24,12:41 AM,Residential Breaking & Entering,"Somerville Police responded to a residence on Alston St for report of a past breaking and entering. Upon arrival, officers spoke with the victim who stated he heard someone walking on the second floor then saw an individual carrying a backpack flee out the front door."
July 1st 2024 - April 2nd 2024 Crime News,24018460,4/3/24,10:41 AM,Residential Breaking & Entering,"Somerville Police responded to a residence on Washington St for report of a past breaking and entering. Upon arrival, officers spoke with the victim who stated she noticed some of her belongings were"
July 1st 2024 - April 2nd 2024 Crime News,24018309,4/2/24,5:30 PM,Residential Breaking & Entering,"Somerville Police responded to a residence on Benton Rd for report of a past breaking and entering. Upon arrival, officers spoke with the victim who stated she returned home and noticed her door was unlocked and her cats and money were missing."
July 1st 2024 - April 2nd 2024 Crime News,24019288,4/7/24,5:24 PM,Commercial Breaking & Entering,"Somerville Police responded to a business on Medford St for report of a past breaking and entering. Upon arrival, officers spoke with the victim who stated his storage unit was broken into and several"
July 1st 2024 - April 2nd 2024 Crime News,24019027,4/6/24,4:44 AM,Carjacking,"Somerville responded to Mystic Ave & Rt. 93 for a carjacking. Upon arrival, officers spoke with the victim who stated she was rear-ended by a white BMW. When she got out to assess the damage, two males exited the BMW, pushed her to the ground and then one male stole her vehicle while the other left in the BMW. The incident is being investigated by the Mass State Police."
July 1st 2024 - April 2nd 2024 Crime News,24018910,4/5/24,4:48 PM,Assault,"Somerville Police responded to Charlestown St for report of an assault. Upon arrival, officers spoke with the victim who had a severe laceration on her hand. She stated earlier in the day, she was trying to help a homeless male in Davis Sq and he attacked her."
July 1st 2024 - April 2nd 2024 Crime News,24019430,4/8/24,,Robbery,"officers took a report regarding a past armed robbery. The victim stated that at approximately 8:00 AM, she was walking on Walnut St and was approached by a young male wearing a black mask who brandished a knife and demanded her phone. The suspect took the phone and fled down Columbus Ave."
April 1st 2024 - January 2nd 2024 Crime News,24017679,3/30/24,7:03 PM,Assault,"Somerville Police responded to Washington St for report of an assault. Upon arrival, officers spoke with a witness who stated he observed a female party swinging a cane at another woman. He then stated that he saw a vehicle pull up to them and a male and female exited. The male party then brandished a knife at the woman swinging the cane. The other females and the male then fled the area in the vehicle. Officers located and identified the woman with the"
April 1st 2024 - January 2nd 2024 Crime News,24017541,3/29/24,10:31 PM,Residential Breaking & Entering,"Somerville Police responded to a residence on Powder House Blvd for report of a past breaking and entering. Upon arrival, officers spoke with the victim who stated his garage door was ajar and a bicycle"
April 1st 2024 - January 2nd 2024 Crime News,24015667,3/20/24,3:30 PM,Assault,"Somerville Police responded to Broadway for report of a past assault. Upon arrival, officers spoke with a juvenile victim who stated this morning while at school, he was attacked by four classmates. The victim suffered injuries to his face and knees."
April 1st 2024 - January 2nd 2024 Crime News,24015872,3/21/24,2:56 PM,Assault,"Somerville Police responded to Highland Ave for a past assault. Upon arrival, officers spoke with the juvenile victim who stated he was meeting with a friend and was then punched in the face several times by"
April 1st 2024 - January 2nd 2024 Crime News,24016568,3/25/24,9:07 AM,Residential Breaking & Entering,"Somerville Police responded to a residence on Washington St for report of a past breaking and entering. Upon arrival, officers spoke with the victim who stated he returned home and noticed his furniture was moved then noticed that cash was missing from his wallet."
April 1st 2024 - January 2nd 2024 Crime News,24012770,3/7/24,5:25 AM,Assault,"Somerville Police responded to a business on Beacon St for report of a past assault. Upon arrival, officers spoke with the victim who stated he arrived for work and observed a male party attempting to break into the business. The victim confronted the male and another male then came up behind him and punched him in the face with brass knuckles. The victim suffered injuries"
April 1st 2024 - January 2nd 2024 Crime News,24012896,3/7/24,3:52 PM,Arrest,"Somerville Police responded to McGrath Hwy for report of on assault. Upon arrival, officers spoke with the victim who stated a male party approached him and brandished a knife at him then punched him in the face. Officers located the male suspect and he was placed under arrest."
April 1st 2024 - January 2nd 2024 Crime News,24013238,3/8/24,11:27 PM,Assault,"Somerville Police responded to a business on McGrath Hwy for report of a person with a gun. Upon arrival, officers spoke with the victims who stated they were in their car in the drive-through lane and observed a group of teens in the way. The victims yelled at the teens to move and the teens approached the victims and threatened to brandish a gun."
April 1st 2024 - January 2nd 2024 Crime News,24014032,3/12/24,9:14 PM,Attempted Armed Carjacking,"Somerville Police responded to a business on Broadway for report of an armed carjacking. Upon arrival, officers spoke with the victim who stated he and his wife were at a gas station and were approached by a male party holding a large knife. The male suspect then demanded they give him the car but the victims fled the area."
April 1st 2024 - January 2nd 2024 Crime News,24014163,3/13/24,11:02 AM,Residential Breaking & Entering,"Somerville Police responded to a residence on Walnut St for report of a building with a smashed window. Upon arrival, officers spoke with the property manager who stated he was checking on the building and noticed two windows were broken and several belongings left inside."
April 1st 2024 - January 2nd 2024 Crime News,24015284,3/18/24,5:51 PM,Assault,Somerville Police took a report regarding a past assault. The reporting party stated her juvenile son was on Highland Ave and was assaulted by two juvenile females.
April 1st 2024 - January 2nd 2024 Crime News,24014771,3/15/24,7:46 PM,Residential Breaking & Entering,"Somerville Police responded to a residence on Summer St for report of a past breaking and entering. Upon arrival, officers spoke with the victims who stated they were inside their home and noticed a male party enter through their rear door. The victims confronted the male and he left the area."
April 1st 2024 - January 2nd 2024 Crime News,24014674,3/15/24,11:32 AM,Commercial Breaking & Entering,"Somerville Police responded to a construction site for report of a vandalism. Upon arrival, officers spoke with the reporting party who stated someone broke into the construction site and cut several"
April 1st 2024 - January 2nd 2024 Crime News,24011907,3/2/24,3:56 PM,Assault,"Somerville Police responded to 290 Broadway for a weapons call. Upon arrival, officers spoke with the victim who stated he was threatened by two male parties and one of them brandished a knife at him earlier in"
April 1st 2024 - January 2nd 2024 Crime News,24011934,3/2/24,7:21 PM,Commercial Breaking and Entering,"Somerville Police responded to a business on Medford St for a check condition. Upon arrival, officers spoke with the victim who stated the night prior, he was visiting his storage unit and observed a male party known to him inside it. He then reported the male party held him hostage inside the storage unit until he was eventually able to escape. The male suspect stole the"
April 1st 2024 - January 2nd 2024 Crime News,24010240,2/23/24,2:18 PM,Recovered Firearm,Somerville Police responded to an apartment on Memorial Rd to assist DYS officers with a juvenile male who cut his GPS bracelet off. Officers were given consent to search the apartment and located a loaded
April 1st 2024 - January 2nd 2024 Crime News,24010460,2/24/24,2:03 PM,Arrest,"Somerville Police responded to Assembly Row for a suspicious male attempting to break into vehicles. Upon arrival, officers located the male party based on a witness description. Officers then searched the suspect and found him in possession of a knife as well as numerous stolen items that were taken out of several vehicles in the area. Officers then placed the male suspect"
April 1st 2024 - January 2nd 2024 Crime News,24008611,2/15/24,11:48 AM,Residential Breaking and Entering,"Somerville Police responded to a residence on Mt. Pleasant St for report of a past breaking and entering. Upon arrival, officers spoke with the victim who stated he heard his front door open then shut moments later. Nothing was reported missing."
April 1st 2024 - January 2nd 2024 Crime News,24008693,2/15/24,7:10 PM,Residential Breaking and Entering,"Somerville Police responded to a residence on Beacon St for report of a past breaking and entering. Upon arrival, officers spoke with the victim who stated he was in bed and noticed a male party rummaging through his clothing drawers. The victim confronted the male and he fled out of the"
April 1st 2024 - January 2nd 2024 Crime News,24009361,2/19/24,7:07 AM,Armed Robbery,"Somerville Police responded to 101 Highland Ave for report of a past robbery. Upon arrival, officers spoke with the victim who stated at around 12AM while at the bus stop near YMCA, he was approached by a male party who brandished a handgun at him. The suspect then instructed the victim to walk to his vehicle then struck him in the eye and demanded his money and phone. The suspect then drove with the victim to Boston where they picked up another male. They then drove to Lynn and dropped the victim off."
April 1st 2024 - January 2nd 2024 Crime News,24009117,2/17/24,11:16 PM,Residential Breaking and Entering,"Somerville Police responded to a residence on School St for report of a breaking and entering in progress. Upon arrival, officers spoke with the victim who stated two juvenile males kicked his door open then ran out of the building. Officers identified one of the male suspects."
April 1st 2024 - January 2nd 2024 Crime News,24009092,2/17/24,7:16 PM,Residential Breaking and Entering,"Somerville Police responded to a residence on Electric Ave for report of a past breaking and entering. Upon arrival, officers spoke with the victims who stated they left their residence in the morning and when they returned, noticed the window screen was cut and the window was left open. A pair of sunglasses, a necklace and a checkbook were reported stolen."
April 1st 2024 - January 2nd 2024 Crime News,24009101,2/17/24,8:44 PM,Residential Breaking and Entering,"Somerville Police responded to a residence on Irving St for report of a past breaking and entering. Upon arrival, officers spoke with the victim who stated she left during the morning and when she returned, noticed her bedroom door ajar and numerous containers were rummaged through. Two"
April 1st 2024 - January 2nd 2024 Crime News,24008257,2/13/24,6:48 PM,Assault,"Somerville Police took a report from a male party regarding a past assault. The victim stated that earlier in the day on Somerville Ave, he was approached by a male party asking him if he had any cigarettes. When the victim told him he didn’t have any, the suspect pinned him against a wall then"
April 1st 2024 - January 2nd 2024 Crime News,24007086,2/7/24,5:39 PM,Residential Breaking and Entering,"Somerville Police responded to a residence on Michigan Ave for report of a past breaking and entering. Upon arrival, officers spoke with the victim who stated the residence was being used as an Airbnb and she heard noises coming from the garage. Officers conducted a walkthrough of the garage and did not locate anyone but found a backpack and sweatshirt left behind."
April 1st 2024 - January 2nd 2024 Crime News,24007121,2/7/24,9:16 PM,Residential Breaking and Entering,"Somerville Police responded to a residence on Nevada Ave for report of a past breaking and entering. Upon arrival, officers spoke with the victim who stated they returned home and observed a male party walking out of the house. A marijuana grinder was reported missing."
April 1st 2024 - January 2nd 2024 Crime News,24006912,2/6/24,9:43 PM,Assault,"Somerville Housing Police responded to a fight on North St. Upon arrival, officers spoke with the victim who stated he was attacked by five males wearing masks and hoodies. Three of the suspects were known to the victim. The victim suffered injuries to his ear and lip."
April 1st 2024 - January 2nd 2024 Crime News,24007949,2/12/24,3:14 AM,Commercial Breaking and Entering,"Somerville Police responded to a business in Union Sq for report of a breaking and entering in progress. Upon arrival, officers spoke with an employee who stated he fell asleep in the office and was awoken to a loud noise. He then noticed two males wearing all black breaking display cases and stealing numerous purses. He yelled at them and they fled the area."
April 1st 2024 - January 2nd 2024 Crime News,24008176,2/13/24,8:07 AM,Commercial Breaking and Entering,"Somerville Police responded to a business on Medford St for report of a past breaking and entering. Upon arrival, officers spoke with the reporting party who stated on Saturday night, a woman broke in via the back door and took various items off the shelves. The female suspect was accompanied by a male party who waited outside the building."
April 1st 2024 - January 2nd 2024 Crime News,24008025,2/12/24,1:08 PM,Residential Breaking and Entering,"Somerville Police responded to a residence on Mt. Pleasant St for report of a past breaking and entering. Upon arrival, officers spoke with the victim who stated someone stole numerous pieces of copper"
April 1st 2024 - January 2nd 2024 Crime News,24004059,1/23/24,11:43 AM,Residential Breaking and Entering,"Somerville Police responded to a residence on Walnut St for report of a past breaking and entering. Upon arrival, officers spoke with the victim who stated the residence is vacant and when he checked on it, he noticed a window broken and numerous clothes left behind inside. Nothing was"
April 1st 2024 - January 2nd 2024 Crime News,24004242,1/24/24,12:10 PM,Residential Breaking and Entering,"Somerville Police took a report regarding a past residential breaking and entering at a residence on Morrison Pl. The victim stated on 1/14/24, a male suspect entered her garage and stole two bicycles."
April 1st 2024 - January 2nd 2024 Crime News,24004397,1/25/24,6:34 AM,Commercial Breaking and Entering,"Somerville Police responded to a business on Broadway for report of a past breaking and entering. Upon arrival, officers spoke with the owner who stated a glass window was shattered and numerous items were stolen. Surveillance video showed two male parties smashing the window with a"
April 1st 2024 - January 2nd 2024 Crime News,24005343,1/30/24,6:02 AM,Commercial Breaking and Entering,"Somerville Police responded to a business on Broadway for report of a past breaking and entering. Upon arrival, officers spoke with the owner who stated the glass front door was shattered by two male parties. Several items were reported stolen."
April 1st 2024 - January 2nd 2024 Crime News,24003031,1/17/24,8:24 PM,Assault,"Somerville Police responded to Somerville Ave for report of an assault. Upon arrival, officer spoke with the victim who stated he and his girlfriend were riding their bikes then got into an altercation with the occupants of a vehicle attempting to pass them. During the altercation, two females exited the vehicle and one of them struck the victim in the head."
April 1st 2024 - January 2nd 2024 Crime News,24002986,1/17/24,3:56 PM,Residential Breaking and Entering,"Somerville Police responded to a residence on Washington St for report of a past breaking and entering. Upon arrival, officers spoke with the victim who stated his storage unit was pried open and two"
April 1st 2024 - January 2nd 2024 Crime News,24003315,1/19/24,9:01 AM,Residential Breaking and Entering,"Somerville Police responded to a residence on Summer St for report of a past breaking and entering. Upon arrival, officers spoke with the victim who stated he was reviewing surveillance footage and observed a male party enter the residence and steal several tools and Nintendo game systems."
April 1st 2024 - January 2nd 2024 Crime News,24002818,1/16/24,5:19 PM,Assault,"Somerville Police responded to Highland Ave & Central St for report of a male party screaming at people. Upon arrival, officers spoke with two juvenile victims who stated they were walking down Highland Ave and were approached by a male party who began yelling at them. The male party then spit at them and fled the area. Officers identified the male suspect."
April 1st 2024 - January 2nd 2024 Crime News,24003981,1/23/24,12:05 AM,Robbery,"Somerville Police took a report of a past assault. The reporting party stated the day prior; her son was walking home from school on Highland Ave and was attacked by a group of juvenile males. During the attack, the suspects stole the victims’ sneakers."
April 1st 2024 - January 2nd 2024 Crime News,24003447,1/19/24,10:46 PM,Assault,"Somerville Police responded to Elm St & White St for report of a past assault. Upon arrival, officers spoke with the victim who stated he was walking in the crosswalk and a vehicle drove past him and the driver side mirror tapped him on the arm. The operator of the vehicle then stopped and approached the victim and attacked him."
April 1st 2024 - January 2nd 2024 Crime News,24003650,1/21/24,7:02 AM,Assault,"Somerville Police responded to a business on Elm St for report of an unwanted male. Upon arrival, officers spoke with the manager who stated a male party entered the business and became disruptive. While the male suspect was leaving, he struck an employee on her arm. Officers located and"
April 1st 2024 - January 2nd 2024 Crime News,24003893,1/22/24,1:56 PM,Residential Breaking and Entering,"Somerville Police took a report regarding a past breaking and entering. The victim stated on 1/20/24, an unknown male entered her apartment through an open window then left."
April 1st 2024 - January 2nd 2024 Crime News,24003946,1/22/24,6:58 PM,Residential Breaking and Entering,"Somerville Police responded to a residence on Dimick St for report of a breaking and entering in progress. Upon arrival, officers spoke with the victim who stated a male party entered his bedroom. The victim confronted him and he left the area."
April 1st 2024 - January 2nd 2024 Crime News,24003949,1/22/24,7:18 PM,Residential Breaking and Entering,"Somerville Police responded to a residence on Harold St for report of a robbery. Upon arrival, officers spoke with the victim who was suffering from a wound to his nose and hand. He stated that he was sitting in his living room and saw a male party in his bedroom trying to exit through the window. The victim confronted him and the suspect bit him on the hand."
April 1st 2024 - January 2nd 2024 Crime News,24001998,1/11/24,5:08 PM,Commercial Breaking and Entering,"Somerville Police responded to a property on Walnut St for report of a past breaking and entering. Upon arrival, officers spoke with the reporting party who stated he came to close the property and noticed a glass door was broken and the alarm was triggered. Nothing was reported missing."
April 1st 2024 - January 2nd 2024 Crime News,24001598,1/9/24,10:12 PM,Residential Breaking and Entering,"Somerville Police responded to a residence on Craigie St for report of a past breaking and entering. Upon arrival, officers spoke with the victim who stated he left his apartment and when he returned, noticed several electronics and marijuana were stolen."
April 1st 2024 - January 2nd 2024 Crime News,24000645,1/4/24,9:40 PM,Assault,"Somerville Police responded to a business in Assembly Row for report of an assault. Upon arrival, officers spoke with the victim who stated he was out to dinner with a group of people and an altercation ensued. During the altercation, the victim was attacked by four individuals."
April 1st 2024 - January 2nd 2024 Crime News,24000914,1/6/24,8:31 AM,Commercial Breaking and Entering,"Somerville Police responded to a business on Washington St for report of an open door. Upon arrival, officers spoke with the owner who stated the rear door of the business was forced open. Nothing was"
January 1st 2024 - October 3rd 2023 Crime News,23074563,12/27/23,9:35 PM,Commercial Breaking and Entering,"Somerville Police responded to a business on Holland St for report of a breaking and entering in progress. Upon arrival, officers conducted a search of the business and located a male party inside. He was then"
January 1st 2024 - October 3rd 2023 Crime News,23074344,12/26/23,6:47 PM,Commercial Breaking and Entering,"Somerville Police responded to the West Somerville School for report of a past breaking and entering. Upon arrival, officers spoke with an employee who stated four juveniles broke into the school via the side"
January 1st 2024 - October 3rd 2023 Crime News,23074530,12/27/23,6:16 PM,Commercial Breaking and Entering,"Somerville Police responded to a business on Prospect St for report of a past breaking and entering. Upon arrival, officers spoke with the victim who stated he arrived for work in the morning and observed the front door had been forced open and multiple drawers had been rummaged through."
January 1st 2024 - October 3rd 2023 Crime News,24000046,1/1/24,11:05 AM,Armed Robbery,"Somerville Police responded to a business on McGrath Hwy for report of a man with a knife. Upon arrival, officers spoke with the manager who stated a male party entered the store and proceeded to shoplift various items. When the manager approached him, the suspect dropped the items and"
January 1st 2024 - October 3rd 2023 Crime News,23075255,12/31/23,7:25 PM,Residential Breaking and Entering,"Somerville Police responded to a residence on Knapp St for report of a past breaking and entering. Upon arrival, officers spoke with the victim who stated she went out and when she returned to her apartment, observed a male party inside. The suspect then fled out the back door. A speaker was"
January 1st 2024 - October 3rd 2023 Crime News,23074757,12/29/23,12:45 AM,Residential Breaking and Entering,"Somerville Police responded to a residence on Caldwell Ave for report of a past breaking and entering. Upon arrival, officers spoke with the victim who stated she and her partner were watching TV then noticed a male party inside the apartment. The suspect then left out the back door."
January 1st 2024 - October 3rd 2023 Crime News,23075035,12/30/23,10:00 AM,Residential Breaking and Entering,"Somerville Police responded to a residence on Park Ave for report of a past breaking and entering. Upon arrival, officers spoke with the victim who stated he was reviewing his surveillance system and observed a male party enter his home a few hours earlier. Nothing was reported stolen."
January 1st 2024 - October 3rd 2023 Crime News,24000008,1/1/24,12:42 AM,Assault,"Somerville Police responded to Washington St for report of a fight. Upon arrival, officers spoke with two victims who stated they were at a party inside an apartment complex and were approached by a group of females. Two of the females then began to attack the victims. During the fight, one of the suspects brandished a knife. Both victims suffered several injuries."
January 1st 2024 - October 3rd 2023 Crime News,23075273,12/31/23,10:23 PM,Arrest,"Somerville Police responded to Ames St for report of an assault. Upon arrival, officers observed a male party suffering from a stab wound to his face. He stated that he was involved in an altercation with another male party and was stabbed in the face with a screwdriver. Officers located the male suspect and he was placed under arrest."
January 1st 2024 - October 3rd 2023 Crime News,23073048,12/19/23,10:03 PM,Assault,"Somerville Police responded to Grant St for report of a past assault. Upon arrival, officers spoke with the victim who stated earlier in the day, he was involved in an altercation with a juvenile male. During the altercation, the juvenile punched the victim in the face."
January 1st 2024 - October 3rd 2023 Crime News,23073319,12/21/23,5:11 AM,Commercial Breaking and Entering,"Somerville Police responded to a business on Medford St for report of a past breaking and entering. Upon arrival, officers spoke with an employee who stated when he arrived for work, he observed the glass front door was broken and the alarm system was activated. He then observed cash was"
January 1st 2024 - October 3rd 2023 Crime News,23073168,12/20/23,12:09 PM,Arrest,"Somerville Police responded to Stone Ave for report of a past assault. Upon arrival, officers spoke with the victim who stated he was involved in a traffic altercation with a male party. During the altercation, the male party exited his vehicle and brandished a knife at the victim. The victim provided officers with a description of the suspect vehicle and it was located shortly after. The male suspect was then placed under arrest."
January 1st 2024 - October 3rd 2023 Crime News,23074161,12/25/23,11:00 PM,Assault,"Somerville Police responded to Artisan Way for report of a past assault. Upon arrival, officers spoke with the Assembly Security officers who stated an altercation broke out in the garage involving multiple individuals. During the altercation, one of the individuals was struck in the face."
January 1st 2024 - October 3rd 2023 Crime News,23073981,12/24/23,3:47 PM,Assault,"Somerville Police responded to Middlesex Ave for report of a past assault. Upon arrival, officers located a female victim who was bleeding heavily. She stated that while walking to her car, a male party rode by her on a bike and punched her in the face."
January 1st 2024 - October 3rd 2023 Crime News,23073519,12/21/23,10:58 PM,Residential Breaking and Entering,"Somerville Police responded to an apartment complex on Great River Rd for report of a past breaking and entering. Upon arrival, officers spoke with the reporting party who stated earlier in the day, she went to check on her step-fathers apartment and she heard multiple people inside. She then left the area. Officers entered the apartment and observed it in disarray and damaged"
January 1st 2024 - October 3rd 2023 Crime News,23074210,12/26/23,8:33 AM,Residential Breaking and Entering,"Somerville Police responded to a residence on Glen St for report of an open door. Upon arrival, officers entered the apartment and observed the house in disarray. Entry was believed to have been made"
January 1st 2024 - October 3rd 2023 Crime News,23073423,12/21/23,2:02 PM,Residential Breaking and Entering,"Somerville Police responded to a residence on Beacon St for report of a past breaking and entering. Upon arrival, officers spoke with the victim who stated he was sleeping then heard a noise coming from his roommates room. He checked on the room and observed a male party going through his roommates belongings. The male then fled out of the house. Nothing was reported"
January 1st 2024 - October 3rd 2023 Crime News,23073937,12/24/23,10:49 AM,Assault,"Somerville Police responded to Davis Sq for report of a past assault. Upon arrival, officers spoke with the victim who stated he was leaving the Somerville Theater and was approached by a male party asking him for money. The victim stated he didn’t have any and the male party punched him causing him to suffer a concussion."
January 1st 2024 - October 3rd 2023 Crime News,23073706,12/22/23,11:18 PM,Residential Breaking and Entering,"Somerville Police responded to a residence on Holland St for report of a past breaking and entering. Upon arrival, officers spoke with the victim who stated he was in his room and heard a loud sound in the hallway. A male party then broke his bedroom door and the victim yelled at him. The suspect then fled out of the house. Nothing was reported missing."
January 1st 2024 - October 3rd 2023 Crime News,23073327,12/21/23,6:19 AM,Commercial Breaking and Entering,"Somerville Police responded to a business on Broadway for report of a past breaking and entering. Upon arrival, officers spoke the owner who stated when he arrived for work, he observed a dark colored Jeep nearby take off at a high rate of speed. He then entered the business and observed several items out of place and the rear door left open. Nothing was reported missing."
January 1st 2024 - October 3rd 2023 Crime News,23073785,12/23/23,11:34 AM,Commercial Breaking and Entering,"Somerville Police responded to a business on Webster Ave for report of a past breaking and entering. Upon arrival, officers spoke with an employee who stated when she arrived for work, she observed the front door was forced open. A stack of blank business checks were reported missing."
January 1st 2024 - October 3rd 2023 Crime News,23073600,12/22/23,10:47 AM,Commercial Breaking and Entering,"Somerville Police responded to a business on Bow St for report of a past breaking and entering. Upon arrival, officers spoke with an employee who stated someone broke in through the back door and stole numerous items as well as cash."
January 1st 2024 - October 3rd 2023 Crime News,23074195,12/26/23,6:31 AM,Commercial Breaking and Entering,"Somerville Police responded to a business on Holland St for report of a past breaking and entering. Upon arrival, officers observed the glass front door was shattered with a rock. Numerous items and cash were"
January 1st 2024 - October 3rd 2023 Crime News,23073588,12/22/23,9:45 AM,Arrest,"Somerville Police responded to an apartment complex on Revolution Dr for an unwanted. Upon arrival, officers were informed by staff that a male party broke into a vacant apartment and was living there. Officers observed the suspect who began to flee on Grand Union Blvd. After a brief pursuit, officers apprehended the suspect and he was placed under arrest."
January 1st 2024 - October 3rd 2023 Crime News,23071991,12/15/23,8:36 AM,Commercial Breaking & Entering,"Somerville Police responded to a business on Highland Ave. Upon arrival, officers discovered a male and female sleeping inside the bathroom. Officers identified both individuals. Nothing was reported"
January 1st 2024 - October 3rd 2023 Crime News,23072437,12/17/23,10:14 AM,Commercial Breaking & Entering,"Somerville Police responded to a business on Broadway for report of a past breaking and entering. Upon arrival, officers spoke with the victim who stated he reviewed surveillance footage and observed a male party break in via the back door around 1:30 AM. The suspect then stole cash from the"
January 1st 2024 - October 3rd 2023 Crime News,23072325,12/16/23,6:49 PM,Entering,"Somerville Police responded to a residence on Magnus Ave for report of a past breaking and entering. Upon arrival, officers spoke with the victim who stated when he arrived home, he observed a male party in his bedroom. The male then fled out the back door. The victim reported"
January 1st 2024 - October 3rd 2023 Crime News,23072145,12/15/23,8:56 PM,Armed Robbery,"Somerville Housing officers responded to River Rd for report of an armed robbery with a knife. Upon arrival, officers spoke with a juvenile male who stated while sitting near the basketball courts, he was approached by a group of males wearing all black. An individual known to him punched him then stole his fanny pack. Another male in the group then brandished a knife at"
January 1st 2024 - October 3rd 2023 Crime News,23070016,12/5/23,7:26 PM,Assault,"Somerville Police responded to 167 Holland St for report of an assault with a knife. Upon arrival, officers spoke with the victim who stated while walking on Holland St, he was approached by two juvenile males and one of them brandished a knife. The victim continued walking and the juvenile with the knife followed him and began to slash at him. Both juveniles then fled the area on Blue Bikes. Shortly after, officers located both juveniles near the North St Housing. The juvenile who had the knife was stopped and identified. The other male was able to evade police. Officers recovered a folding knife hidden nearby."
January 1st 2024 - October 3rd 2023 Crime News,23070464,12/7/23,6:58 PM,Assault,"Somerville Police responded to Canal St for report of a past assault. Upon arrival, officers spoke with the victim who stated he was involved in an altercation with a male party. During the altercation, the male suspect spit at him and punched him in the face multiple times. Officers identified the male"
January 1st 2024 - October 3rd 2023 Crime News,23070345,12/7/23,8:35 AM,Assault,"Somerville Police responded to Somerville Ave & Mossland St for report of a past assault. Upon arrival, officers spoke with the victim who stated a female party was walking toward her and struck her in the"
January 1st 2024 - October 3rd 2023 Crime News,23070163,12/6/23,1:31 PM,Residential Breaking & Entering,"Somerville Police responded to a residence on Park St for report of a past breaking and entering. Upon arrival, officers spoke with the reporting party who stated the house is under construction and various"
January 1st 2024 - October 3rd 2023 Crime News,23070243,12/6/23,8:15 PM,Residential Breaking & Entering,"Somerville Housing Police responded to a residence on Mystic Ave for report of a past breaking and entering. Upon arrival, officers spoke with the victim who stated she had a package delivered but could not locate it. Shortly after, she located in the package inside her residence with contents"
January 1st 2024 - October 3rd 2023 Crime News,23071020,12/10/23,1:14 PM,Residential Breaking & Entering,a female party reported a past breaking and entering at their residence on Oak Terrace. The victim stated she was asleep in her bedroom and heard a door shut. She then noticed cash and marijuana
January 1st 2024 - October 3rd 2023 Crime News,23070592,12/8/23,12:02 PM,Commercial Breaking & Entering,"Somerville Police responded to a business on Highland Ave for report of a past breaking and entering. Upon arrival, officers spoke with the owner who stated the back door was damaged and cash was"
January 1st 2024 - October 3rd 2023 Crime News,23068154,11/27/23,2:02 AM,Commercial Breaking & Entering,"Somerville Police responded to a business on Alewife Brook Pkwy for an alarm call. They viewed surveillance video which showed, at 1:46 AM, a male party take a brick off the ground and throw it at the glass door, shattering it. Nothing was reported stolen."
January 1st 2024 - October 3rd 2023 Crime News,23068372,11/18/23,6:44 AM,Assault,"Somerville Police responded to Gilman St for report of an assault. Upon arrival, officers spoke with the victim who stated he was involved in an argument with another male. During the argument, the male suspect brandished a knife and threatened to kill him."
January 1st 2024 - October 3rd 2023 Crime News,23068023,11/26/23,3:12 AM,Residential Breaking & Entering,"Somerville Police responded to a residence on Foley St for report of a past breaking and entering. Upon arrival, officers spoke with the victim who stated he was sleeping and heard the sound of a door close. He got up and noticed his laptop was stolen."
January 1st 2024 - October 3rd 2023 Crime News,23067887,11/25/23,1:31 AM,Assault,"Somerville Police responded to Franklin St for report of a fight. Upon arrival, officers spoke with the victim who stated he was approached by a male party who brandished a knife and demanded money. The victim stated he didn’t have any money and the suspect truck him with a baseball bat."
January 1st 2024 - October 3rd 2023 Crime News,23068273,11/27/23,3:50 PM,Residential Breaking & Entering,"Somerville Police responded to a residence on Elm St for report of a past breaking and entering. Upon arrival, officers spoke with the victim who stated a male party walked up her fire escape and climbed into her kitchen window. He then climbed back out the window and fled onto Porter St."
January 1st 2024 - October 3rd 2023 Crime News,23067937,11/25/23,3:14 PM,Assault,"Somerville Police responded to a business on Elm St for report of a past assault. Upon arrival, officers spoke with the reporting party who stated her son was inside the business and spilled a drink on another male. The other male then punched him causing him to suffer a broken jaw."
January 1st 2024 - October 3rd 2023 Crime News,23067915,11/25/23,11:00 AM,Assault,a female party came into the station and reported a road rage incident. She stated she was parking her car and accidentally hit another car. The driver of the other car then exited and brandished a knife at her.
January 1st 2024 - October 3rd 2023 Crime News,23068195,11/27/23,8:35 AM,Arrest,"Somerville Police responded to a business on Elm St for a past breaking and entering. Upon arrival, officers spoke with the reporting party who stated he noticed a male and female drinking inside the business. Both suspects fled prior to police arrival. Shortly after, the suspects were located at the MBTA station and placed under arrest."
January 1st 2024 - October 3rd 2023 Crime News,23068459,11/28/23,3:29 PM,Residential Breaking & Entering,"Somerville Police responded to a residence on Perkins St for report of a larceny. Upon arrival, officers spoke with the victim who stated that he observed his fire escape open then noticed that marijuana was"
January 1st 2024 - October 3rd 2023 Crime News,23068775,11/30/23,8:15 AM,Assault,"Somerville Police responded to Canal Ln for report of a fight. Upon arrival, officers spoke with the victim who stated he was involved in a road rage incident with another male. During the argument, the other male brandished a knife. Officers identified the male suspect."
January 1st 2024 - October 3rd 2023 Crime News,23069271,12/2/23,9:24 AM,Residential Breaking & Entering,"Somerville Police responded to a residence on Conwell Ave for report of a suspicious person. Upon arrival, officers spoke with the victim who stated she was awoken by a noise by her door then noticed a male party running down the stairs. Nothing was reported missing."
January 1st 2024 - October 3rd 2023 Crime News,23069126,12/1/23,3:33 PM,Assault,"Somerville Police responded to Cross St for report of a fight. Upon arrival, officers were informed by a school principal that several juvenile females were involved in a fight."
January 1st 2024 - October 3rd 2023 Crime News,23069815,12/4/23,9:05 PM,Assault,"Somerville Police responded to Somerville Ave & Beacon St for report of a past assault. Upon arrival, officers spoke with the victim who stated he was walking in the crosswalk and was almost struck by a vehicle. The victim then hit the vehicle with his umbrella and the operator exited and began punching him. The victim suffered injuries to his eye and finger."
January 1st 2024 - October 3rd 2023 Crime News,23069071,12/1/23,11:02 AM,Assault,"Somerville Police responded to the High School for report of unknown trouble. Upon arrival, officers were informed that a fight had occurred involving several juvenile females."
January 1st 2024 - October 3rd 2023 Crime News,23065027,11/9/23,11:30 AM,Residential Breaking & Entering,"Somerville Police responded to a residence on Somerville Ave for report of a past breaking and entering. Upon arrival, officers spoke with the victim who stated copper pipe was stolen from his basement."
January 1st 2024 - October 3rd 2023 Crime News,23064540,11/7/23,8:29 AM,Assault,"Somerville Police responded to 403 Highland Ave for report of a fight. Upon arrival, officers spoke with the victim who stated he was in the parking garage and was approached by a female party who kicked him. A male party then came over and brandished a knife at the victim. Officers identified the male and female suspect."
January 1st 2024 - October 3rd 2023 Crime News,23064889,11/8/23,6:10 PM,Assault,"Somerville Police responded to a restaurant on Elm St for a fight. Upon arrival, officers spoke with an employee who stated he was involved in an argument with a customer and during the argument, the customer punched him. Officers identified the suspect."
January 1st 2024 - October 3rd 2023 Crime News,23065351,11/10/23,10:22 PM,Assault,"Somerville Police responded to a business on Broadway for an unwanted. Upon arrival, officers spoke with the victim who stated a male party began harassing him then pulled out a gun and shot a round near his head. The victim was not struck and did not have any injuries. Officers recovered a"
January 1st 2024 - October 3rd 2023 Crime News,23065816,11/11/23,12:45 PM,Residential Breaking & Entering,"Somerville Police took a report from a female party who stated she was out of her house and when she arrived home, noticed several pairs of gloves and two watches were missing."
January 1st 2024 - October 3rd 2023 Crime News,23065655,11/12/23,3:56 PM,Arrest,"Somerville Police responded to a business on Woodbine St for report of an assault. Upon arrival, officers spoke with the victim who stated he was involved in an argument with an employee. During the argument, the employee chased him with scissors and attempted to hit him with a water dispenser. Officers identified the suspect and he was placed under arrest."
January 1st 2024 - October 3rd 2023 Crime News,23065029,11/9/23,11:46 AM,Arrest,"Somerville Housing Police responded to Warren Ave for report of a stabbing. Upon arrival, officers spoke with the victim who stated he was involved in an argument with his neighbor. During the argument, his neighbor brandished a knife and sliced him with it. Officers located the suspect and he"
January 1st 2024 - October 3rd 2023 Crime News,23063218,10/31/23,7:17 PM,Assault,"Somerville Police responded to 110 Governor Winthrop Rd for a fight. Upon arrival, officers spoke with a juvenile female who stated she was trick or treating and was attacked by three juvenile males on bikes."
January 1st 2024 - October 3rd 2023 Crime News,23063040,10/30/23,5:26 PM,Residential Breaking & Entering,a female party reported a past breaking and entering at her residence on Franklin St. The victim stated her neighbor entered her apartment and turned off her music. Officers identified the suspect.
January 1st 2024 - October 3rd 2023 Crime News,23063401,11/1/23,5:09 PM,Assault,"a male party reported a past assault at 14 McGrath Hwy. He stated that earlier in the day, he was walking to Star Market and was involved in an altercation with a male operating a vehicle. During the altercation, the male suspect drove the vehicle toward him and attempted to hit him with it."
January 1st 2024 - October 3rd 2023 Crime News,23063142,10/31/23,10:43 AM,Assault,"Somerville Police responded to School St for report of an assault. Upon arrival, officers spoke with the victim who stated she got into an argument with a tow truck driver. During the argument, the tow truck driver pushed himself into her causing her to fall."
January 1st 2024 - October 3rd 2023 Crime News,23063511,11/2/23,2:44 AM,Residential Breaking & Entering,"Somerville Police responded to Willow Ave for report of a breaking and entering in progress. Upon arrival, officers spoke with the victim who stated she heard someone open her back door then heard the door"
January 1st 2024 - October 3rd 2023 Crime News,23063921,11/3/23,9:22 PM,Assault,"Somerville Police responded to a business on Mystic Ave for report of an assault. Upon arrival, officers spoke with three victims who stated while inside the business, they were attacked by a male party. One of the victims suffered an injury to his face."
January 1st 2024 - October 3rd 2023 Crime News,23063696,11/2/23,8:27 PM,Assault,"Somerville Police responded to a business on Mystic Ave for report of an assault. Upon arrival, officers spoke with a juvenile male victim who stated he was attacked by another juvenile male. The victim"
January 1st 2024 - October 3rd 2023 Crime News,23064220,11/5/23,2:50 PM,Arrest,Somerville Police responded to a hotel in Assembly Row after employees found two firearms and two bags of methamphetamine in a safe in one of the rooms. The room was registered under a male and female party who returned to the hotel shortly after to retrieve some belongings. Officers then placed them under arrest. Officers recovered two firearms and a large quantity of methamphetamine. Both firearms were reported stolen.
January 1st 2024 - October 3rd 2023 Crime News,23062864,10/29/23,8:18 PM,Robbery,"Somerville Police responded to a business on Broadway for report of a robbery. Upon arrival, officers spoke with the clerk who stated a male party entered the store and asked her how much cigarettes were. When she turned around, the male ran around the counter then brandished a small handgun and forced her to open the register. He took approximately $2300 USD and"
January 1st 2024 - October 3rd 2023 Crime News,23061740,10/25/23,2:18 AM,Robbery,"Somerville Police responded to College Ave for report of an individual being attacked. Upon arrival, officers spoke with the victim who stated three males stole his phone. Shortly after, the same group of males approached him again and told him to go down an alley and they will return the phone. The victim refused and the suspects pepper sprayed him and tackled him to the"
January 1st 2024 - October 3rd 2023 Crime News,23061743,10/25/23,2:42 AM,Robbery,"Somerville Police responded to 266 Broadway for report of an individual saying he was stabbed. Upon arrival, officers spoke with the victim who stated he was walking on Jaques St and a male party started chasing him. During the foot chase, a green sedan occupied by three individuals pulled up alongside him and began threatening him. The victim ran to his girlfriend’s apartment on Mystic Ave and was stabbed outside."
January 1st 2024 - October 3rd 2023 Crime News,23061841,10/25/23,2:30 PM,Assault,"Somerville Police responded to Leathers Park for report of a fight. Upon arrival, officers observed a juvenile male suffering from multiple injuries. He stated he was involved in an altercation with a group of individuals and they began attacking him."
January 1st 2024 - October 3rd 2023 Crime News,23061696,10/24/23,8:24 PM,Residential Breaking & Entering,"Somerville Police responded to a residence on Ivaloo St for report of a past breaking and entering. Upon arrival, officers spoke with the victims who stated someone entered their apartment and stole jewelry"
January 1st 2024 - October 3rd 2023 Crime News,23062031,10/26/23,1:55 PM,Arrest,"Somerville Police responded to Prospect St & Webster Ave for report of a fight. Upon arrival, officers spoke with the victim who stated he got into an altercation with a male party known to him. During the altercation, the male suspect brandished a rock. Officers located the suspect and he was"
January 1st 2024 - October 3rd 2023 Crime News,23062184,10/27/23,1:51 AM,Arrest,"Somerville Police responded to Assembly Row for report of an assault. Upon arrival, officers spoke with two security guards who stated they were following a male party who was suspected of breaking into a car. When they approached the male party, he turned around and brandished a knife at them. Officers located the suspect and he was placed under arrest."
January 1st 2024 - October 3rd 2023 Crime News,23060381,10/18/23,10:35 PM,Assault,"Somerville Housing officers responded to 25 Memorial Rd for report of threats with a handgun. Upon arrival, officers spoke with the victim who stated while driving down Memorial Rd, he collided with a dark grey vehicle occupied by four teenage black males. When the victim exited his vehicle to take a picture, one of the male passengers in the other vehicle displayed a handgun and told him not to call police."
January 1st 2024 - October 3rd 2023 Crime News,23060971,10/21/23,10:46 AM,Assault,"Somerville Police responded to Greene St for report of an assault. Upon arrival, officers spoke with the victim who stated he was walking his dog and was approached by a female party asking him to cross the street and a verbal argument ensued. During the argument, the female party pepper sprayed the victim. Officers identified the female suspect."
January 1st 2024 - October 3rd 2023 Crime News,23060879,10/20/23,10:14 PM,Assault,"Somerville Police responded to Foley St for report of a past assault. Upon arrival, officers spoke with the victim who stated he was surrounded by a large group of juveniles. He attempted to walk away and one of the juveniles punched him in the head multiple times. The group then fled"
January 1st 2024 - October 3rd 2023 Crime News,23060848,10/20/23,7:07 PM,Robbery,"Somerville Police responded to a business in Davis Sq for report of an assault. Upon arrival, officers spoke with an employee who stated a male party entered the business and stole a drink. When an employee approached him, the male suspect grabbed a fork and knife from a nearby table and pointed it at him. Officers identified the suspect."
January 1st 2024 - October 3rd 2023 Crime News,23061240,10/22/23,4:05 PM,Residential Breaking & Entering,"Somerville Police responded to Bromfield Rd to assist Tufts PD with a past breaking and entering. Tufts officers informed Somerville Police that a student on the first floor heard footsteps on the vacant floor above. Officers searched the unit and discovered a fire escape with a ripped screen. Inside the unit was a half-eaten loaf of bread, a blanket and a sweatshirt."
January 1st 2024 - October 3rd 2023 Crime News,23061293,10/23/23,12:07 AM,Residential Breaking & Entering,"Somerville Police responded to a residence on Ossipee Rd for report of a past breaking and entering. Upon arrival, officers spoke with the victims who stated they left town on 10/19 and when they arrived home, noticed that sunglasses, watches, jewelry, clothing and a NuFace system"
January 1st 2024 - October 3rd 2023 Crime News,23061476,10/23/23,6:11 PM,Residential Breaking & Entering,"Somerville Police responded to a residence on College Ave for report of a past breaking and entering. Upon arrival, officers spoke with the victim who stated someone broke into her apartment and stole a"
January 1st 2024 - October 3rd 2023 Crime News,23058349,10/4/23,6:40 PM,Assault,"Somerville Police responded to 355 Broadway for report of an assault. Upon arrival, officers spoke with the victim who stated he was picking up food and was approached by an unknown male who yelled at him and threatened to come back with a gun. Shortly after, the male came back with another male party and they started attacking the victim with a metal pole."
January 1st 2024 - October 3rd 2023 Crime News,23058654,10/12/23,5:07 AM,Residential Breaking & Entering,"Somerville Police responded to a residence on Prospect St for report of a past breaking and entering. Upon arrival, officers spoke with the victim who stated he heard footsteps near his room then observed a male party flee out the back door. Nothing was reported missing."
January 1st 2024 - October 3rd 2023 Crime News,23058763,10/12/23,4:13 PM,Residential Breaking & Entering,Somerville Police took a report regarding a past breaking and entering at a residence on Broadway. The victim stated she was sitting in her living room and a male party entered into her apartment through the door. He took a step inside then fled. Nothing was reported missing.
January 1st 2024 - October 3rd 2023 Crime News,23059876,10/16/23,5:10 PM,Assault,"Somerville Housing Police responded to a residence on Warren Ave for report of an assault. Upon arrival, officers spoke with the victim who stated she was involved in an altercation with a male party. During the altercation, the male party brandished a wooden stick and threatened to hit her with it."
January 1st 2024 - October 3rd 2023 Crime News,23059362,10/14/23,7:32 PM,Assault,"Somerville Police responded to a business on Lowden Ave for report of an unwanted individual. Upon arrival, officers spoke with the victim who stated he was engaged in an argument with a male party. During the argument, the male party brandished a broken beer bottle and pointed it at the victim. Officers identified the male suspect."
January 1st 2024 - October 3rd 2023 Crime News,23059256,10/14/23,10:07 AM,Residential Breaking & Entering,"Somerville Police responded to a business on Bow St for report of a past breaking and entering. Upon arrival, officers observed a male party sleeping in the basement. Nothing was reported missing."
January 1st 2024 - October 3rd 2023 Crime News,23057501,10/7/23,2:55 AM,Commercial Breaking & Entering,"Somerville Police responded to a business in Assembly Row for a past breaking and entering. Upon arrival, officers spoke with the manager who stated the front window was smashed with a chair and the cash register was found on the ground inside. Approximately $2,000 USD was reported"
January 1st 2024 - October 3rd 2023 Crime News,23057862,10/8/23,7:40 PM,Assault,"Somerville Police responded to Broadway & Marshall St for report of an assault. Upon arrival, officers spoke with a female victim who stated she was punched in the head by a male party who was still on scene. While officers were speaking with the victim, the male suspect kicked another male in the head. Officers identified the suspect."
January 1st 2024 - October 3rd 2023 Crime News,23057189,10/5/23,10:07 PM,Assault,"Somerville Police responded to a business on Linwood St for report of a dispute. Upon arrival, officers spoke with the victim who stated he was pepper sprayed by a female party following an altercation. The female then left and came back shortly after with a male party who was holding a bat"
January 1st 2024 - October 3rd 2023 Crime News,23057922,10/9/23,1:27 AM,Assault,"Somerville Police responded to a business on Somerville Ave for report of a fight. Upon arrival, officers spoke with a female victim who stated she was inside the business selling chocolate and was approached by a male party. The male party then grabbed her hand and touched her face. He then fled the area."
October 2nd 2023 - August 1st 2023 Crime News,23055202,9/26/23,8:48 AM,Residential Breaking & Entering,"Somerville Police responded to a residence on Belmont St for report of a past breaking and entering. Upon arrival, officers spoke with the reporting party who stated the front door was forced open. Nothing was"
October 2nd 2023 - August 1st 2023 Crime News,23056214,10/1/23,8:15 AM,Commercial Breaking & Entering,"Somerville Police responded to a business on Broadway for report of a past breaking and entering. Upon arrival, officers spoke the owner who stated a male party broke the front window with a piece of asphalt then reached in and stole several vape pens."
October 2nd 2023 - August 1st 2023 Crime News,23055488,9/27/23,2:39 PM,Assault,"Somerville Police responded to a residence on Maine St for report of an assault. Upon arrival, officers spoke with the victim who stated she got involved in an argument with her neighbor while on the porch of his residence. During the argument, the victim was pushed down the stairs of the porch. She suffered injuries to her back and neck."
October 2nd 2023 - August 1st 2023 Crime News,23055247,9/26/23,12:58 PM,Assault,"Somerville Police responded to Temple St & Broadway for report of an assault. Upon arrival, officers observed a male party lying on the ground suffering from an injury to his face. Officers spoke with a witness who stated the victim was inside a nearby business and got involved in an argument with another male. During the argument, the other male punched the victim."
October 2nd 2023 - August 1st 2023 Crime News,23053815,9/19/23,8:00 AM,Residential Breaking & Entering,"Somerville Police responded to a residence on College Ave for report of a past breaking and entering. Upon arrival, officers spoke with the reporting party who stated the home is being remodeled and"
October 2nd 2023 - August 1st 2023 Crime News,23053883,9/19/23,1:30 PM,Residential Breaking & Entering,"Somerville Police responded to a residence on Marshall St for report of a past breaking and entering. Upon arrival, officers spoke with the victim who stated she left her apartment and when she returned, observed her rear door open. Nothing was reported missing."
October 2nd 2023 - August 1st 2023 Crime News,23053909,9/19/23,4:09 PM,Residential Breaking & Entering,"Somerville Police responded to a residence on Willow Ave for report of a past breaking and entering. Upon arrival, officers spoke with the victim who stated while she was sleeping, someone broke into her apartment and stole her medications."
October 2nd 2023 - August 1st 2023 Crime News,23053847,9/19/23,10:07 AM,Residential Breaking & Entering,"Somerville Police responded to a residence on Orchard St for report of a past breaking and entering. Upon arrival, officers spoke with victim who stated a window screen was cut and multiple tools were stolen."
October 2nd 2023 - August 1st 2023 Crime News,23055107,9/25/23,6:29 PM,Residential Breaking & Entering,"Somerville Police responded to a residence on Pinckney St for report of a past breaking and entering. Upon arrival, officers spoke with victim who stated a Hispanic male entered his apartment and stated he was there to clean it. The victim then left his residence and when he returned, noticed"
October 2nd 2023 - August 1st 2023 Crime News,23054767,9/23/23,8:06 PM,Commercial Breaking & Entering,"Somerville Police responded to a construction site on Hawkins St for a breaking and entering in progress. Upon arrival, officers observed a male party that fit the suspect description walking around the site."
October 2nd 2023 - August 1st 2023 Crime News,23054928,9/24/23,9:13 PM,Assault,"Somerville Housing police responded to a residence on Canal Ln for report of threats. Upon arrival, officers spoke with the victim who stated two females banged on her door and began screaming at her. One of the females then brandished a knife at her. The victim’s boyfriend then intervened and the female suspects left the area."
October 2nd 2023 - August 1st 2023 Crime News,23054612,9/22/23,8:09 PM,Assault,"Somerville Police responded to Statue Park for report of an assault. Upon arrival, officers spoke with the victim who stated a large group of teens began harassing him then assaulting him. The victim was punched"
October 2nd 2023 - August 1st 2023 Crime News,23052767,9/14/23,2:15 PM,Residential Breaking & Entering,Somerville Police took a report regarding a past breaking and entering at a residence on Morton St. The victim stated a male party entered the common area of her building and attempted to break into her
October 2nd 2023 - August 1st 2023 Crime News,23052939,9/15/23,7:18 AM,Residential Breaking & Entering,"Somerville Police responded to a residence on Highland Rd for report of a past breaking and entering. Upon arrival, officers spoke with the victim who stated he woke up in the morning and saw a female party sleeping on his couch. The female then woke up and fled out of the house."
October 2nd 2023 - August 1st 2023 Crime News,23053275,9/16/23,4:23 PM,Residential Breaking & Entering,"Somerville Police responded to a residence on Glen St for report of a past breaking and entering. Upon arrival, officers spoke with the juvenile victim who stated his bicycle was stolen from his front hallway."
October 2nd 2023 - August 1st 2023 Crime News,23053417,9/17/23,9:47 AM,Residential Breaking & Entering,"Somerville Police responded to a residence on Bromfield Rd for report of a past breaking and entering. Upon arrival, officers spoke with victim who stated she observed a male party walking around in her"
October 2nd 2023 - August 1st 2023 Crime News,23053317,9/16/23,8:05 PM,Assault,Somerville Police took a report from a female party regarding an assault. She stated her juvenile son was attacked by several other juvenile males at Leathers Park.
October 2nd 2023 - August 1st 2023 Crime News,23053720,9/18/23,7:35 PM,Arrest,"Somerville Police responded to 14 McGrath Hwy for report of a robbery in progress. Upon arrival, officers spoke with the victim who stated a male party approached him then proceeded to punch him and take two bottles of alcohol. The suspect fled the area and was apprehended shorty after. He"
October 2nd 2023 - August 1st 2023 Crime News,23052767,9/14/23,2:15 PM,Residential Breaking & Entering,Somerville Police took a report regarding a past breaking and entering at a residence on Morton St. The victim stated a male party entered the common area of her building and attempted to break into her
October 2nd 2023 - August 1st 2023 Crime News,23052939,9/15/23,7:18 AM,Residential Breaking & Entering,"Somerville Police responded to a residence on Highland Rd for report of a past breaking and entering. Upon arrival, officers spoke with the victim who stated he woke up in the morning and saw a female party sleeping on his couch. The female then woke up and fled out of the house."
October 2nd 2023 - August 1st 2023 Crime News,23053275,9/16/23,4:23 PM,Residential Breaking & Entering,"Somerville Police responded to a residence on Glen St for report of a past breaking and entering. Upon arrival, officers spoke with the juvenile victim who stated his bicycle was stolen from his front hallway."
October 2nd 2023 - August 1st 2023 Crime News,23053417,9/17/23,9:47 AM,Residential Breaking & Entering,"Somerville Police responded to a residence on Bromfield Rd for report of a past breaking and entering. Upon arrival, officers spoke with victim who stated she observed a male party walking around in her"
October 2nd 2023 - August 1st 2023 Crime News,23053317,9/16/23,8:05 PM,Assault,Somerville Police took a report from a female party regarding an assault. She stated her juvenile son was attacked by several other juvenile males at Leathers Park.
October 2nd 2023 - August 1st 2023 Crime News,23053720,9/18/23,7:35 PM,Arrest,"Somerville Police responded to 14 McGrath Hwy for report of a robbery in progress. Upon arrival, officers spoke with the victim who stated a male party approached him then proceeded to punch him and take two bottles of alcohol. The suspect fled the area and was apprehended shorty after. He"
October 2nd 2023 - August 1st 2023 Crime News,23050808,9/5/23,11:41 AM,Residential Breaking & Entering,Somerville Police took a report regarding a past breaking and entering at a residence on Whitman St. The victim stated the house is being remodeled and copper pipe was stolen.
October 2nd 2023 - August 1st 2023 Crime News,23050921,9/5/23,9:36 PM,Residential Breaking & Entering,Somerville Police took a report regarding a past breaking and entering at a residence on Central St. A car key was
October 2nd 2023 - August 1st 2023 Crime News,23051067,9/6/23,1:51 PM,Assault,"Somerville Police responded to Cross St for report of an injured juvenile. Upon arrival, officers spoke with the victim who stated she was attacked by two other juvenile females while walking on Walnut St. She suffered"
October 2nd 2023 - August 1st 2023 Crime News,23051309,9/7/23,1:15 PM,Assault,Somerville Police took a report from a female party who stated her juvenile daughter was attacked the day prior at Leathers Park by another juvenile female. The victim had rocks thrown at her and suffered injuries
October 2nd 2023 - August 1st 2023 Crime News,23051339,9/7/23,5:29 PM,Assault,"Somerville Police responded to the Davis Sq train station for report of a past assault. Upon arrival, officers spoke with the victim who stated while on the train, she was pepper sprayed by a male party. Officers located the male suspect and he was placed into custody by Transit PD."
October 2nd 2023 - August 1st 2023 Crime News,23049877,8/29/23,12:14 PM,Residential Breaking & Entering,"Somerville Police responded to a residence on Laurel St for report of an attempted breaking and entering. Upon arrival, officers spoke with the victim who stated a male party opened his front door but then"
October 2nd 2023 - August 1st 2023 Crime News,23049324,8/29/23,3:09 PM,Assault,"a male party entered the station and stated the day prior, his juvenile granddaughter was assaulted by two juvenile females at"
October 2nd 2023 - August 1st 2023 Crime News,23050189,9/2/23,11:05 AM,Assault,"Somerville Police responded to Myrtle St for a past assault. Upon arrival, officers spoke with the victim who stated she was involved in an argument with a female known to her. During the argument, the female shoved her. Officers identified the female suspect."
October 2nd 2023 - August 1st 2023 Crime News,23050325,9/3/23,12:20 AM,Residential Breaking & Entering,"Somerville Police responded to a residence on Pearson Ave for report of a breaking and entering. Upon arrival, officers spoke with the residents who both stated that a female party had climbed through a bedroom window. When they confronted her, she fled out the back door. Nothing was"
October 2nd 2023 - August 1st 2023 Crime News,23049735,8/31/23,11:40 AM,Assault,"Somerville Police responded to a business on Elm St for report of an assault and shoplifting. Upon arrival, officers spoke with the victim who stated a female party began shoplifting numerous items. When he confronted her, she punched him in the stomach and fled."
October 2nd 2023 - August 1st 2023 Crime News,23047836,8/23/23,11:52 PM,Robbery,"Somerville Police responded to Washington St for report of a robbery. Upon arrival, officers spoke with the victim who stated he was sitting outside when an unknown male struck him in the head and stole"
October 2nd 2023 - August 1st 2023 Crime News,23047812,8/22/23,8:44 PM,Assault,"Somerville Police responded to Assembly Row for report of a fight. Upon arrival, officers spoke with a female party who stated a male party approached her friend and began punching her. The male then stole a vehicle belonging to the reporting party but stopped the car shortly after and fled the"
October 2nd 2023 - August 1st 2023 Crime News,23048211,8/24/23,12:45 PM,Assault,a male party came into the station to report a past assault. He stated that he was assaulted by a male known to him several
October 2nd 2023 - August 1st 2023 Crime News,23047802,8/22/23,7:54 PM,Residential Breaking & Entering,"Somerville Police responded to a residence on Mystic Valley Pkwy for report of a larceny. Upon arrival, officers spoke with the victim who stated a bicycle was stolen from his garage."
October 2nd 2023 - August 1st 2023 Crime News,23047799,8/22/23,7:46 PM,Arrest,"Somerville Police responded to Franklin St for report of an injured party. Upon arrival, officers witnessed a male party attacking another a male party with a shoe. Officers detained the suspect and he was placed under arrest. The victim suffered a laceration to his eye."
October 2nd 2023 - August 1st 2023 Crime News,23048751,8/26/23,11: 06 PM,Residential Breaking & Entering,"Somerville Police responded to a residence on Sewall St for report of a B&E in progress. Upon arrival, officers spoke with the resident who stated he saw a white male, in his 40s, brown hair, black beard, wearing a black hoodie, black sweat pants, black sneakers in his living room. He confronted the suspect and he fled the area prior to police arrival."
October 2nd 2023 - August 1st 2023 Crime News,23048873,8/27/23,4:23 PM,Assault,"Somerville Police responded to Beacon St & Buckingham St for a fight. Upon arrival, officers spoke with the victim who stated he and his wife were traveling on bicycles and noticed a vehicle blocking the bike lane. The victim confronted the operator of the vehicle and an argument ensued. When the victim and his wife continued biking, the operator of the vehicle drove up on the sidewalk and struck the victim causing an injury to his leg."
October 2nd 2023 - August 1st 2023 Crime News,23048754,8/26/23,11:30 PM,Assault,"Somerville Police responded to a business on Elm St for a fight. Upon arrival, officers observed a male party kicking another male in the head. Officers learned that the male party being attacked had stolen the other male’s wallet. Officers identified both males."
October 2nd 2023 - August 1st 2023 Crime News,23046571,8/16/23,8:39 PM,Assault,"Somerville Police responded to 14 McGrath Hwy for report of a vandalism. Upon arrival, officers spoke with the victim who stated he was approached by a male party who smashed his headphones then shoved"
October 2nd 2023 - August 1st 2023 Crime News,23046328,8/15/23,7:27 PM,Assault,"Somerville Police responded to a business on Medford St for report of an assault. Upon arrival, officers spoke with the victim who stated a male party attempted to punch him in the face. Officers identified"
October 2nd 2023 - August 1st 2023 Crime News,23046559,8/16/23,7:46 PM,Assault,"Somerville Police responded to a business in Davis Sq for report of an assault. Upon arrival, officers spoke with the reporting party who stated his juvenile son was kicked by a store employee. Officers"
October 2nd 2023 - August 1st 2023 Crime News,23047237,8/20/23,12:22 AM,Assault,"Somerville Police responded to a business on Washington St for report of an assault. Upon arrival, officers observed a female party lying on the ground suffering from a head injury. Officers spoke with an employee who stated a male party punched the female then fled prior to police arrival."
October 2nd 2023 - August 1st 2023 Crime News,23047053,8/19/23,12:48 AM,Assault,"Somerville Police responded to a business on Somerville Ave for report of an assault. Upon arrival, officers spoke with a witness who stated a security guard was punched by a female party."
October 2nd 2023 - August 1st 2023 Crime News,23045530,8/12/23,12:15 AM,Assault,"Somerville Police responded to 265 Broadway for report of a past robbery. Upon arrival, officers spoke with the victim who stated while walking home, he was approached by a male suspect who placed a knife against his neck and demanded money. The victim then smacked the knife away and the suspect fled the area. The suspect was described as a white male, early 20s, black beard and wearing a black shirt and blue jeans"
October 2nd 2023 - August 1st 2023 Crime News,23045863,8/13/23,7:51 PM,Assault,"Somerville Police responded to 105 Alewife Brook Pkwy for report of an assault. Upon arrival, officers spoke with a female victim who stated her and her friend were approached by a group of juvenile males who"
October 2nd 2023 - August 1st 2023 Crime News,23045027,8/9/23,1:11 PM,Residential Breaking & Entering,"Somerville Police responded to a residence on Josephine Ave for report of a past breaking and entering. Upon arrival, officers spoke with the victim who stated he found his backpack on the living room floor"
October 2nd 2023 - August 1st 2023 Crime News,23046034,8/14/23,4:14 PM,Assault,"Somerville Police responded to 22 McGrath Hwy for report of an assault. Upon arrival, officers spoke with the victim who was suffering from a laceration to her lip. She stated that she was approached by two females who then began to attack her. The female suspects fled prior to police arrival."
October 2nd 2023 - August 1st 2023 Crime News,23045651,8/12/23,4:16 PM,Residential Breaking & Entering,"Somerville Police responded to a residence on Adams St for report of a past breaking and entering. Upon arrival, officers spoke with the residents who stated several items were stolen from their basement."
October 2nd 2023 - August 1st 2023 Crime News,23046050,8/14/23,5:11 PM,Residential Breaking & Entering,"Somerville Police responded to a residence on Liberty Ave for report of a past breaking and entering. Upon arrival, officers spoke with the victim who stated several electronic items were stolen his garage."
October 2nd 2023 - August 1st 2023 Crime News,23044650,8/7/23,11:10 PM,Assault,"Somerville Police responded to Revolution Dr for report of a past assault. Upon arrival, officers spoke with a juvenile male who stated he was sitting inside the AMC theater and was attacked by two other"
October 2nd 2023 - August 1st 2023 Crime News,23043733,8/3/23,6:55 AM,Residential Breaking & Entering,"Somerville Police responded to a residence on Norfolk St for report of a breaking and entering in progress. Upon arrival, officers spoke with the victim who stated she was asleep in her bed and awoke to a female rummaging through her drawers. The female suspect then fled out of the house."
October 2nd 2023 - August 1st 2023 Crime News,23043369,8/1/23,2:15 PM,Residential Breaking & Entering,"Somerville Police responded to a residence on Malvern Ave for report of a past breaking and entering. Upon arrival, officers spoke with the victim who stated a bicycle was stolen from his garage."
October 2nd 2023 - August 1st 2023 Crime News,23044559,8/7/23,11:58 AM,Residential Breaking & Entering,Somerville Police took a report regarding a past breaking and entering that occurred at an apartment complex on Foley St. The reporting party stated that two bicycles were stolen from the bike room.
October 2nd 2023 - August 1st 2023 Crime News,23044358,8/6/23,7:02 AM,Residential Breaking & Entering,"Somerville Police responded to a residence on Norfolk St for report of a breaking and entering. Upon arrival, officers spoke with the reporting party who stated a male party walked into his apartment then"
October 2nd 2023 - August 1st 2023 Crime News,23044541,8/7/23,10:09 AM,Commercial Breaking & Entering,"Somerville Police responded to a vacant building in the area of Whipple St & Willow Ave. Upon arrival, officers spoke with the reporting party who stated he was conducting a check of the property and noticed the keypad providing entry was damaged. Nothing was reported missing."
March 28th 2022 - December 20th 2021 Crime News,22015659,3/24/22,4:27 PM,Residential Breaking & Entering,"Somerville Police responded to a residence on Myrtle St for report of a past breaking and entering. Upon arrival, officers spoke with the victim who stated she left her residence earlier in the day and when she returned home, observed her bedroom had been ransacked. A laptop and jewelry were"
March 28th 2022 - December 20th 2021 Crime News,22015253,3/22/22,9:03 PM,Residential Breaking & Entering,"Somerville Police responded to a residence on Wilton St for report of a past breaking and entering. Upon arrival, officers spoke with the victim who stated after he returned home from work, he observed his back door was kicked open and his house was ransacked. Cash was reported missing."
March 28th 2022 - December 20th 2021 Crime News,22015739,3/25/22,1:42 AM,Commercial Breaking & Entering,"Somerville Police responded to a business in the area of Somerville Ave & Carlton St for a check condition. Upon arrival, officers observed the front glass door broken and a rock found nearby. Nothing was"
March 28th 2022 - December 20th 2021 Crime News,22016131,3/26/22,9:14 PM,Residential Breaking & Entering,Somerville Police took a report from a victim who stated the basement of his residence on Crocker St was in disarray and tools
March 28th 2022 - December 20th 2021 Crime News,22015866,3/25/22,3:39 PM,Residential Breaking & Entering,"Somerville Police responded to a residence in the area of Temple St & Taylor St for report of a past breaking and entering. Upon arrival, officers spoke with the victim who stated he was out of the house and when he returned home, observed all the bedroom doors open and cash had been Other Crimes during March 22, 2022 through March 28, 2022: Robbery & Assaults March 15 to March 21 2022"
March 28th 2022 - December 20th 2021 Crime News,22014111,3/17/22,1:16 PM,Armed Robbery,"Somerville Police responded to a business in Assembly Row for report of a robbery. Upon arrival, officers spoke with an employee who stated a black man, 30-40 years of age, wearing a light colored baseball hat, a blue sweatshirt with white strings, blue sweatpants with a white stripe on the side and white sneakers began to select numerous items then told the security guard he had a gun. The suspect fled out of the store with the stolen items into an awaiting vehicle."
March 28th 2022 - December 20th 2021 Crime News,22013713,3/15/22,5:17 PM,Assault / Robbery,Somerville Police took a report that a juvenile male was assaulted and robbed by three other juvenile males in the area of 17 Lincoln St. The juvenile victim stated he was struck in the arm then his cellphone and
March 28th 2022 - December 20th 2021 Crime News,22014988,3/21/22,5:17 PM,Unarmed Robbery / Assault,"Somerville Police responded to 14 North St for report of a juvenile who had been assaulted. Upon arrival, officers spoke with a juvenile male and female who stated they were approached by another juvenile male. The juvenile suspect then took a cellphone belonging to the juvenile male then struck the juvenile female multiple times. The juvenile suspect was described as a black male, in his early teens, wearing all black and had braces."
March 28th 2022 - December 20th 2021 Crime News,22014418,3/18/22,8:02 PM,Assault,"Somerville Police responded to Beacon & Washington St for report of an assault. Upon arrival, officers spoke with the victim who stated while he was driving on Washington St, he was struck in the face with dog feces by two white men. Break Ins Mar 15 to Mar 21 2022"
March 28th 2022 - December 20th 2021 Crime News,22014113,3/17/22,1:31 PM,Residential Breaking & Entering,"Somerville Police responded to a multifamily residence on Buckingham St for report of a past breaking and entering. Upon arrival, officers spoke with the victim who stated his laptop, cash and a diamond"
March 28th 2022 - December 20th 2021 Crime News,22014069,3/17/22,8:43 AM,Attempted Residential Breaking & Entering,"Somerville Police responded to a residence in the area of McGrath Hwy & Boston St for report of an attempted breaking and entering. Upon arrival, officers spoke with the reporting person who stated she heard a loud bang on the side of her home then observed an unknown man near the window. The suspect then fled the area. The suspect was described as a white man, wearing camouflaged pants with black sneakers, tattoos on both sides of his neck, and appeared to be about 5 feet 8 inches in height. Other crimes during March 15, 2022 through March 21, 2022: Assault Log March 8 to March 14 2022"
March 28th 2022 - December 20th 2021 Crime News,22013236,3/13/22,4:28 PM,Assault,"Somerville Police responded to a business in Assembly Row for report of a man who threatened employees. Upon arrival, officers spoke with an employee who stated a black man in his late twenties, approximately 5'08"" tall, wearing black pants and a black sweatshirt made threats to assault them then left toward Central St. While officers were searching for the suspect, they received another report that the same suspect had also punched a security guard"
March 28th 2022 - December 20th 2021 Crime News,22012982,3/12/22,1:28 AM,Assault,"Somerville Police responded to a business in the area of Somerville Ave & Kent St for report of an injured person. Upon arrival, officers spoke with employees who stated the victim was pushed to the ground by a white bald male. The victim suffered injuries to his head. Other crimes during the week - 3/8/22 to 3/14/22: Public Safety News Mar 1 2022 to March 7 2022"
March 28th 2022 - December 20th 2021 Crime News,22011743,3/6/22,9:33 PM,Arrest,"Somerville Police arrested a man for armed robbery following an incident at a business in Davis Sq. The defendant attempted to steal numerous shaving items then forced his way around the counter and demanded cash in the register. The defendant kept his hands in his sweatshirt and gestured to having a weapon. After a brief struggle with employees, he fled the store and was apprehended by officers shortly after. No weapons were found on his person."
March 28th 2022 - December 20th 2021 Crime News,22011745,3/6/22,9:46 PM,Assault,"Somerville Police responded to Dana St for report of an assault. Upon arrival, officers spoke with the victim who stated he was approached by a man that attempted to steal his jewelry. The victim attempted to leave and the man"
March 28th 2022 - December 20th 2021 Crime News,22010634,3/1/22,5:22 PM,Assault,"Somerville Police responded to a business at 14 McGrath Hwy for report of a man that pulled a knife on another man. Upon arrival, officers located two juvenile male suspects riding their bikes. Officers then spoke to the victim who stated he got into an argument with the two juveniles and one of them brandished a knife at him then threatened to kill him. Officers recovered the Other Crimes during March 1, 2022 through March 7, 2022: Robbery Log Feb 22 2022 to Feb 28 2022"
March 28th 2022 - December 20th 2021 Crime News,22009883,2/25/22,5:47 PM,Armed Robbery,"Somerville Police responded to a business at 14 McGrath Hwy for report of an armed robbery with a firearm. Upon arrival, officers spoke with the reporting person who stated a man brandished a firearm at him then demanded the money in the register. The suspect was described as a black man, wearing a blue face mask with white lettering on the front, a grey Adidas hoodie with 3 black stripes on the sleeves and an Adidas emblem on the left chest, beige cargo pants"
March 28th 2022 - December 20th 2021 Crime News,22009405,2/23/22,7:34 PM,Armed Robbery,"Somerville Police responded to a business in the area of Broadway & Mt Pleasant St for report of an armed robbery. Upon arrival, officers spoke with the reporting person who stated a man brandished a knife at her then demanded the money in the register. The male party was described as 5’6"", wearing all black, blue rubber gloves, and possibly being of Indian descent. Assault Log Feb 22 2022 to Feb 28 2022"
March 28th 2022 - December 20th 2021 Crime News,22010226,2/27/22,5:05 PM,Assault,"Somerville Police responded to Assembly Row for report of an assault that had just occurred. Upon arrival, officers spoke with the victim who stated while inside a parking garage, she engaged in an argument with a man and woman. During the argument, the woman struck the victim causing her to fall to the ground. The man then approached the victim and kicked her."
March 28th 2022 - December 20th 2021 Crime News,22010410,2/28/22,3:42 PM,Assault,"Somerville Police responded to Heath St for report of an assault. Upon arrival, officers spoke with the reporting person who stated his juvenile son was struck in the face by two other juvenile males after they attempted to rob him Break In Feb 22 2022 to Feb 28 2022"
March 28th 2022 - December 20th 2021 Crime News,22009292,2/23/22,9:48 AM,Commercial B&E,"Somerville Police responded to a business in the area of Somerville Ave & Kilby St for report of a past breaking and entering. Upon arrival, officers spoke with the reporting person who stated cash and an iPad were stolen"
March 28th 2022 - December 20th 2021 Crime News,22009593,2/24/22,4:18 PM,Commercial B&E,"Somerville Police responded to a business on Bow St for report of a past breaking and entering. Upon arrival, officers spoke with the reporting person who stated the front door was pried open and two laptops were"
March 28th 2022 - December 20th 2021 Crime News,22009593,2/23/22,9:31 AM,Commercial B&E,"Somerville Police responded to a business on Bow St for report of a past breaking and entering. Upon arrival, officers spoke with the reporting person who stated the cash register was smashed. Other Crimes during Feb. 22, 2022 through Feb. 28, 2022: Assault Log Feb 8 2022 to Feb 14 2022"
March 28th 2022 - December 20th 2021 Crime News,22006941,2/11/22,10:41 AM,Assault,"Somerville Police responded to the area of Central St & Albion St after a victim reported that while he was in the crosswalk, he was approached by two juvenile males, one of whom displayed what appeared to be"
March 28th 2022 - December 20th 2021 Crime News,22007027,2/11/22,6:43 PM,Assault,"Somerville Police responded to Pearl St & Walnut St for report of a past assault. Upon arrival, officers spoke with the reporting party who stated her juvenile daughter was attacked by a group of juvenile females. The victim suffered multiple injuries."
March 28th 2022 - December 20th 2021 Crime News,22007036,2/11/22,7:45 PM,Assault,"Somerville Police responded to a business in the area of Mystic Valley Pkwy & Boston Ave for report of an assault. Upon arrival, officers were informed that a customer engaged in an argument with an employee. During the argument, the employee threw an object at the customer. The customer then damaged an office computer in retaliation. Break In Log Feb 8 2022 to Feb 14 2022"
March 28th 2022 - December 20th 2021 Crime News,22006384,2/9/22,12:08 AM,Residential Breaking and Entering,"Somerville Police responded to a residence in the area of Somerville Ave & Park St for an attempted breaking and entering. Upon arrival, officers spoke with the victim who stated he saw an unknown person lift his front window then stick a hand through. The victim yelled and the suspect"
March 28th 2022 - December 20th 2021 Crime News,22007184,2/12/22,1:11 PM,Residential Breaking and Entering,"Somerville Police responded to a residence on Glen St for a past breaking and entering. Upon arrival, officers spoke with the victim who stated he observed damage to his basement door and door frame."
March 28th 2022 - December 20th 2021 Crime News,22007249,2/12/22,8:33 PM,Residential Breaking and Entering,"a victim entered the station and reported a past breaking and entering at his residence on Rossmore St. The victim stated he observed his garage door open and a tool was missing. Other Crimes during Feb 8, 2022 to Feb 14, 2022:"
March 28th 2022 - December 20th 2021 Crime News,22005148,2/1/22,9:05 PM,Residential Breaking and Entering,"Somerville Police responded to a multifamily residence on Rossmore St for a past breaking and entering. Upon arrival, officers spoke with the victim who stated his air compressor was missing from his Other Crime from Feb 1, 2022 - Feb 7, 2022: Break In Log Jan 18 2022 to Jan 24 2022 Somerville Police Respond to Breaking & Entering"
March 28th 2022 - December 20th 2021 Crime News,22002705,1/18/22,2:09 PM,• 1 Bike Theft,"Somerville Police responded to a residence on Carver St for report of a past breaking and entering. Upon arrival, officers spoke with the victim who stated he observed the lock on his shed was taken off and Somerville Police Respond to Commercial Breaking & Entering"
March 28th 2022 - December 20th 2021 Crime News,22002927,1/19/22,4:09 PM,two bikes were missing.,"Somerville Police responded to a business in Assembly Row for report of a past breaking and entering. Upon arrival, officers spoke with the reporting person stated that on 1/17/22 at approximately 9:05 PM, two individuals entered the back room of the business through an open door. Somerville Police Respond to Commercial Breaking & Entering"
March 28th 2022 - December 20th 2021 Crime News,22003358,1/22/22,3:34 AM,Nothing was reported missing.,"Somerville Police responded to a business in the area of Somerville Ave & Bow St for report of a breaking and entering that had just occurred. Upon arrival, officers spoke with the reporting person stated he heard an alarm at the business then observed six individuals fleeing the area in a white sedan. Officers then reviewed surveillance footage which revealed five individuals inside the business smashing display cases and stealing multiple pieces of jewelry. Detectives collected blood that was on a piece of broken glass. Shooting Log Jan 11 to Jan 17 2022"
March 28th 2022 - December 20th 2021 Crime News,22001986,1/14/22,3:13 AM,Somerville Police Respond to Shooting,Somerville Police responded to the area of 771 for a report of shots fired. Officers located six .45 caliber casings near the intersection of McGrath Hwy & Mystic Ave. A witness reported seeing two vehicles flee onto the 93S ramp. One vehicle was believed to be a gray sedan. Home Invasion Where a Shot Was Fired
March 28th 2022 - December 20th 2021 Crime News,22002410,1/17/22,12:22 AM,Somerville Police Respond to Shooting,"Somerville Police arrested an individual at a multifamily residence on Perkins St following a home invasion that resulted in a gunshot being fired. Upon arrival, officers spoke with the victim who stated the defendant entered his apartment then pointed a firearm at him and threatened to kill him. The defendant then struck the victim with the firearm causing the firearm to discharge a round through a window. Officers recovered a loaded firearm and two Assault Log Jan 11 to Jan 17 2022 Somerville Police Respond to Assault with Firearm"
March 28th 2022 - December 20th 2021 Crime News,22002280,1/16/22,12:47 AM,loaded large capacity magazines.,"Somerville Police responded to Gilman St for report of an individual who brandished a firearm. Upon arrival, officers spoke with the victim who stated she exited her vehicle and was then approached by three men, one of whom brandished a firearm at her. The victim then walked to her apartment nearby and the man with the gun followed her and pointed it at her head. A witness stated that 10 minutes prior to police arrival, she observed the victim exchanging paperwork with a black man in his thirties wearing a red bandana and dark"
March 28th 2022 - December 20th 2021 Crime News,22002586,1/17/22,10:44 PM,Somerville Police Respond to Assault,"Somerville Police responded to the area of Broadway & Indiana Ave for report of a fight. Upon arrival, officers located a victim unresponsive on the ground suffering from injuries to his face. A witness stated the victim and another man were involved in a fight and the other man struck the victim with a piece of metal. Officers identified the suspect."
March 28th 2022 - December 20th 2021 Crime News,22002568,1/17/22,7:27 PM,Somerville Police Respond to Assault,"Somerville Police responded to the area of 102 Fellsway for report of a fight. Upon arrival, officers spoke with a victim who stated he was engaged in a fight with man. During the fight, the man struck the victim several times and attempted to strangle him. Officers identified the suspect. Public Safety News Log Dec 28 2021 to Jan 10 2022 Somerville Police Respond to Breaking & Entering"
March 28th 2022 - December 20th 2021 Crime News,22000044,1/1/22,4:06 AM,Somerville Police Respond to Assault,"Somerville Police responded to a residence on Dearborn Rd for report of a breaking and entering in progress. Upon arrival, officers spoke with the victims who stated they observed a man shining a light into their basement window then attempted to step inside. The man was described as Somerville Police Respond to Breaking & Entering"
March 28th 2022 - December 20th 2021 Crime News,22001397,1/10/22,3:37 PM,wearing a black hooded sweatshirt.,"Somerville Police responded to a multifamily residence in the area of Broadway & Macarthur St for report of a past breaking and entering. Upon arrival, officers spoke with the victim who stated his snow blower had been stolen from his basement."
March 28th 2022 - December 20th 2021 Crime News,22001219,1/9/22,10:26 AM,Somerville Police Respond to Assault,"Somerville Police responded to a business in the area of Somerville Ave & Elm St for report of a fight. Upon arrival, officers spoke with two men who stated they were involved in an argument that escalated into a fight. During the fight, one pepper sprayed the other. Assault Log Dec 20 2021 to Dec 27 2021"
March 28th 2022 - December 20th 2021 Crime News,21065904,12/24/21,11:58 AM,Somerville Police Respond to Assault,"Somerville Police responded to the area of Crest Hill Rd & Shore Dr for report of a male with a knife. A description of the suspect was provided and officers located a male matching the description nearby. Officers then spoke with the victim who stated he and the male suspect were involved in an argument. During the argument, the male suspect brandished a knife. Officers Somerville Police Respond to Armed Robbery"
March 28th 2022 - December 20th 2021 Crime News,21065304,12/20/21,,identified the male suspect.,"Somerville Police took a report from a female victim who stated she was robbed at gunpoint at Foss Park on 12/19/21 between 8 PM – 9 PM. She stated that while walking near the intersection of Broadway & McGrath, she was approached by two males demanding she give up all she had. One of the males then brandished a black handgun and held it to her head. The males stole food from the victim. Both males were described as short and wearing dark clothing. Shootings Dec 20 2021 to Dec 27 2021"
March 28th 2022 - December 20th 2021 Crime News,21066204,12/27/21,6:23 AM,Somerville Police Respond to Shooting,"Somerville Police responded to Marshall St for report of a shooting. Upon arrival, officers spoke with the victim who stated while he was sitting in his parked vehicle, another vehicle pulled up next to his and an occupant shot at his vehicle one time. The suspect vehicle was described as a silver/gray sedan with tinted windows and paper license plates. Officers recovered ballistic evidence of one round in a nearby playground. Break In Log Dec 20 to Dec 27 2021 Somerville Police Respond to Residential Breaking & Entering"
March 28th 2022 - December 20th 2021 Crime News,21066039,12/25/21,12:39 PM,Somerville Police Respond to Shooting,"Somerville Police responded to a multifamily residence on Jaques St for report of a person knocking at the door. Upon arrival, officers spoke with the reporting party who stated he heard someone banging on the door of the first floor apartment. Officers entered the apartment and observed a male standing in the kitchen. The male was identified. Nothing was reported missing. Somerville Police Respond to Commercial Breaking & Entering"
March 28th 2022 - December 20th 2021 Crime News,21065624,12/22/21,9:26 AM,Somerville Police Respond to Shooting,Somerville Police took a report from an individual who stated a construction trailer located in the area of Bonair St & Dana St was broken into and a saw and roll of copper were stolen. Somerville Police Respond to Residential Breaking & Entering
March 28th 2022 - December 20th 2021 Crime News,21065942,12/24/21,5:44 PM,Somerville Police Respond to Shooting,"Somerville Police responded to an apartment complex on Day St for report of a past breaking and entering. Upon arrival, officers spoke with the victim who stated his bicycle was stolen from the basement. The lock on his bicycle was cut. Other Crime Statistics during this period:"
August 1st 2022 - April 5th 2022 Crime News,22041832,7/1/22,,Arrest,"there was an armed carjacking at 460 Mystic Ave. Through investigation, Detectives identified one of the individuals involved as Daniel VIVAS, 19, of Somerville. On 7/28/22, Detectives conducted surveillance and located VIVAS at the Florence Street Park where they proceeded to serve him with a search warrant. While searching his person, Detectives recovered a loaded Glock 29 firearm, six grams of crack cocaine and $1149 USC. VIVAS was arrested on firearm and narcotics charges as well as a Somerville warrant for armed carjacking and assault with a dangerous weapon. 22040504: Somerville Police are interested in speaking with the individual shown below in relation to an Indecent Assault that occurred on Medford St on 7/21/22. Anyone with information, please contact the Somerville Police Department at 617-625-1600. 22036028: Somerville Police are interested in speaking with the individual shown below in relation to a breaking and entering that occurred at a construction site on Foley St on 6/27/22. Anyone with information, please contact the Somerville Police Department at 22041994: Somerville Police are interested in speaking with the individual shown below in relation to a breaking and entering that occurred at a business on Medford St on 7/29/22 at approximately 5:18 AM. Anyone with information, please contact the"
August 1st 2022 - April 5th 2022 Crime News,22042497,7/31/22,8:10 PM,Attempted Breaking and Entering,"Somerville Police responded to a residence on Arlington St for report an attempted breaking and entering. Upon arrival, officers spoke with the reporting party who stated she left her residence and when she returned, observed her keypad lock on her door was broken."
August 1st 2022 - April 5th 2022 Crime News,22042164,7/30/22,1:15 AM,Commercial Breaking and Entering,"Somerville Police responded to a business on Pearl St for an alarm call. Upon arrival, officers observed the front door was smashed open. The owner of the business reported cigarettes and cash were stolen. Assault Log July 19 to July 25 2022"
August 1st 2022 - April 5th 2022 Crime News,22040254,7/19/22,10:13 PM,Assault,"Somerville Police responded to Myrtle St for report of an attempted larceny. Upon arrival, officers spoke with the victim who stated while walking home, he was approached by a black male riding a bike who demanded he give up his wallet. When the victim stated he didn’t have it, the suspect punched him in the face resulting in his teeth getting broken. The victim then continued home. The suspect was gone upon police arrival."
August 1st 2022 - April 5th 2022 Crime News,22040236,7/19/22,8:35 PM,Assault,"Somerville Police responded to a shelter on Washington St for report of an assault. Upon arrival, officers spoke with the victim who stated she was involved in an argument with a female party. During the argument, the female party assaulted the victim causing the victim to injure her wrist"
August 1st 2022 - April 5th 2022 Crime News,22041150,7/24/22,10:23 PM,Assault,"Somerville Police responded to a residence on Walnut St for a weapons call. Upon arrival, officers spoke with the victim who stated a male party known to her pointed a gun in her face. Officers located the weapon and determined it to be a BB gun."
August 1st 2022 - April 5th 2022 Crime News,22040978,7/23/22,6:33 PM,Assault,"Somerville Police responded to a residence on Ash Ave for report of a past assault. Upon arrival, officers spoke with the reporting party who stated her juvenile daughter was assaulted by another juvenile female while she was the Foss Park pool earlier."
August 1st 2022 - April 5th 2022 Crime News,22039359,7/15/22,2:30 AM,Attempted Armed Robbery,"Somerville Police responded to Jaques St for a check condition. Upon arrival, officers spoke with two juvenile males who stated they were approached by a male and female asking them for a lighter. When the juveniles stated they didn’t have one, one of the suspects brandished a knife and demanded they give them a lighter. Both suspects then fled up Grant St. Both suspects were described as being in their fifties, the male was wearing all black and the female"
August 1st 2022 - April 5th 2022 Crime News,22037502,7/6/22,3:28 AM,Armed Robbery,"officers responded to Albion St for report of an armed robbery. Upon arrival, officers spoke with the victim who stated an individual known to him assaulted him with a hammer then stole cash, an iPhone, Apple Watch and a gold necklace from him. The suspect then broke into the victim’s vehicle"
August 1st 2022 - April 5th 2022 Crime News,22037658,7/7/22,11:57 PM,Assault / Larceny,"Somerville Police responded to a residence in the area of Broadway & Main St for report of a past assault. Upon arrival, officers spoke with the reporting party who stated earlier in the evening, her juvenile son was assaulted at the basketball court located in the Mystic Housing Development. Officers then spoke with her son who stated he got into an altercation with two males. During the altercation, the two male suspects punched him multiple times and stole his"
August 1st 2022 - April 5th 2022 Crime News,22036028,6/28/22,6:39 AM,Commercial Breaking and Entering,"Somerville Police responded to a business on Foley St for report of a past breaking and entering. Upon arrival, officers spoke with the reporting party who stated when he arrived to the business in the morning; he observed the door latch unhooked and equipment missing."
August 1st 2022 - April 5th 2022 Crime News,22036749,7/1/22,7:15 PM,Armed Carjacking,"Somerville Police responded to 460 Mystic Ave for report of an armed carjacking. Upon arrival, officers spoke with two juvenile victims who stated they were riding a moped in the area of 460 Mystic Ave and were confronted by three male suspects. During the confrontation, one of the suspects brandished a firearm then stole the moped and fled down Mystic Ave toward McGrath Hwy. The other two suspects left in the same direction."
August 1st 2022 - April 5th 2022 Crime News,22037099,7/3/22,9:25 PM,Residential Breaking and Entering,"Somerville Police responded to a residence on Concord Ave for report of a past breaking and entering. Upon arrival, officers spoke with the victims who stated the door on their basement storage unit was pried open. Nothing was reported missing."
August 1st 2022 - April 5th 2022 Crime News,22036607,7/1/22,3:16 AM,Assault,"Somerville Police responded to 33 Tower St for report of an assault. Upon arrival, officers spoke with the victim who stated while he was working near the dumpster, a male struck him in the head with a metal broom. The victim described the suspect as a white male in his 60s with gray hair, glasses and wearing just his underwear."
August 1st 2022 - April 5th 2022 Crime News,22036578,6/30/22,11:43 PM,Residential Breaking and Entering,"Somerville Police responded to a residence on Prescott St for report of a past breaking and entering. Upon arrival, officers spoke with the victim who stated she was out of the house and when she returned, observed her door unlocked and a backpack missing."
August 1st 2022 - April 5th 2022 Crime News,22035329,6/24/22,10:04 AM,Residential Breaking and Entering,"a male party entered the station and reported that the day prior, a male party known to him broke into his house in the area of Highland Ave & Waldo St. Nothing was reported missing."
August 1st 2022 - April 5th 2022 Crime News,22035626,6/25/22,5:38 PM,Assault,"Somerville Police responded to Dilboy Field for report of an assault. Upon arrival, officers spoke with two juvenile victims who stated they were confronted by two juvenile males who threatened to fight them. During the confrontation, one of the juvenile suspects brandished a knife and started 22035544: The Somerville Police are interested in speaking with the individual shown below in relation to a residential breaking and entering that occurred at a residence on Fremont St on 6/24/22. The person of interest was described as a white male in his 40s with dark hair, goatee, grey t-shirt and black shorts. Anyone with information is asked to please contact the Somerville Police at 617-625-1600."
August 1st 2022 - April 5th 2022 Crime News,22035397,6/24/22,4:03 PM,Attempted Residential Breaking and Entering,"Somerville Police responded to a residence on Webster Ave for report of a past attempted breaking and entering. Upon arrival, officers spoke with the reporting party who stated that a couple hours prior, she heard someone attempting to open her door."
August 1st 2022 - April 5th 2022 Crime News,22033774,6/16/22,2:48 AM,Residential Breaking and Entering,"Somerville Police responded to a residence on Minnesota Ave for an attempted breaking and entering. Officers then learned the reporting party could hear someone in the basement. Upon arrival, officers located a male party in the basement. Nothing was reported stolen."
August 1st 2022 - April 5th 2022 Crime News,22034019,6/18/22,5:21 AM,Assault,"Somerville Police responded to a residence on Jaques St for a past assault. Upon arrival, officers spoke with the victim who stated she was in a vehicle with her friend and another female party. The victim and the female party engaged in an argument and the female party punched the victim."
August 1st 2022 - April 5th 2022 Crime News,22034128,6/17/22,6:20 PM,Armed Robbery,Somerville Police took a report of an armed robbery that occurred the day prior at 40 Memorial Rd at approximately 5–6 PM. The reporting party stated that her juvenile son and his friends were approached by a group of older kids who brandished a black gun with an orange tip as well as a knife. The suspects then stole a bike and snacks from the victims.
August 1st 2022 - April 5th 2022 Crime News,22034151,6/17/22,8:06 PM,Assault,"Somerville Police responded to AMC at 395 Artisan Way for report of an assault on a juvenile. Upon arrival, officers spoke with three male juveniles as well as a legal guardian. The juvenile victims stated they got into an argument with another juvenile male. During the argument, the juvenile suspect struck two of the juvenile victims. Officers identified the juvenile suspect."
August 1st 2022 - April 5th 2022 Crime News,22032236,6/8/22,8:45 PM,Residential Breaking and Entering,"Somerville Police responded to a residence on Newton St for a past breaking and entering. Upon arrival, officers spoke with the victims who stated a contractor entered the home and took HVAC equipment."
August 1st 2022 - April 5th 2022 Crime News,22032235,6/8/22,8:41 PM,Assault,"a juvenile male entered the station with his parents and stated while walking down Walnut St with his friends, they were approached by a group of juvenile males. The juvenile victims were then punched and"
August 1st 2022 - April 5th 2022 Crime News,22033004,6/12/22,12:47 PM,Residential Breaking and Entering,"Somerville Police responded to a residence on Pennsylvania Ave for report of a drunk male who entered the apartment. Upon arrival, officers spoke with the victim who stated an intoxicated male entered his home then left after being told to leave. Officers located and identified the suspect on"
August 1st 2022 - April 5th 2022 Crime News,22033325,6/13/22,9:39 PM,Assault,"Somerville Police responded to Mt. Vernon St for report of a past assault. Upon arrival, officers spoke with the victim who stated while at the intersection of Broadway & Cross St, a male party ran past her and punched her in the stomach. The victim described the suspect as a 20-30 year old white male, with blonde or brown ""poofy"" hair and carrying a backpack."
August 1st 2022 - April 5th 2022 Crime News,22033320,6/13/22,8:56 PM,Assault,"Somerville Police responded to Wheatland St for report of a past assault. Upon arrival, officers spoke with the victim who stated while at the intersection of Fellsway & Jaques St, a male party came up behind her and grabbed her shoulders. The victim described the suspect as a 20-30 year old white male, around 5'8"", medium build with curly blonde hair, wearing a white shirt, black cargo pants, and carrying a bag."
August 1st 2022 - April 5th 2022 Crime News,22033077,6/12/22,7:23 PM,Attempted Residential Breaking and Entering,"Somerville Police responded to a residence on Webster Ave for a past attempted breaking and entering. Upon arrival, officers spoke with the victim who stated someone broke her door to her bedroom in an"
August 1st 2022 - April 5th 2022 Crime News,22033002,6/12/22,11:50 AM,Assault,a male victim entered the station and stated that he was assaulted at a restaurant in the area of Broadway & Cutter St the night prior. The victim stated he went to use the bathroom and was choked from behind
August 1st 2022 - April 5th 2022 Crime News,22033021,6/12/22,2:21 PM,Assault,"Somerville Police responded to a business in the area of Beacon St & Eustis St for report of a fight. Upon arrival, officers spoke with the manager who stated two employees got into an argument then started"
August 1st 2022 - April 5th 2022 Crime News,22032971,6/12/22,9:03 AM,Arrest,"Somerville Police responded to the area of 160 Broadway for report of a male who was throwing rocks at a building. While en route, officers learned the same individual vandalized another nearby business as well as two motor vehicles. Officers located the male party nearby and he was placed"
August 1st 2022 - April 5th 2022 Crime News,22032937,6/12/22,12:54 AM,Arrest,"Somerville Police responded to a business in the area of Broadway & Dartmouth St for report of a breaking and entering in progress. Upon arrival, officers spoke with the reporting party who stated a male party smashed the storefront window with a stick then fled down Dartmouth St. Officers then searched the area and located the suspect nearby who was in possession of cash stolen from the business. He was then placed under arrest."
August 1st 2022 - April 5th 2022 Crime News,22030629,6/1/22,7:38 PM,Attempted Residential Breaking and Entering,"Somerville Police responded to a residence on Loring St. for a past attempted breaking and entering. Upon arrival, officers spoke with the victim who stated after returning home from work, he noticed damage to his rear door."
August 1st 2022 - April 5th 2022 Crime News,22030605,6/1/22,5:15 PM,Residential Breaking and Entering,"Somerville Police responded to a residence on Walnut St. for a past breaking and entering. Upon arrival, officers spoke with three residents of the apartment who stated that earlier in the day; they observed the front door damaged and a bedroom door open. Nothing was reported missing."
August 1st 2022 - April 5th 2022 Crime News,22030590,6/1/22,3:22 PM,Commercial Breaking and Entering,"Somerville Police responded to a business in the area of Beacon St. & Eustis St. for report of a past breaking and entering. Upon arrival, officers spoke with the reporting party who stated that on 5/31/22, someone had broken into the business and stole cash from the register."
August 1st 2022 - April 5th 2022 Crime News,22031700,6/6/22,8:00 AM,Attempted Residential Breaking and Entering,"Somerville Police responded to a residence in the area of Highland Ave. & Walnut St. for a past attempted breaking and entering. Upon arrival, officers spoke with the victim who stated she woke up and noticed her window was open. The victim reported her cat had gone missing."
August 1st 2022 - April 5th 2022 Crime News,22031486,6/5/22,6:02 PM,Residential Breaking and Entering,"Somerville Police responded to a residence on Irving St. for a past breaking and entering. Upon arrival, officers spoke with the victim who stated he has video footage from 6/4/22 – 6/5/22 that shows three individuals enter his garage. Nothing"
August 1st 2022 - April 5th 2022 Crime News,22031115,6/3/22,11:54 PM,Assault,"Somerville Police responded to 63 Washington St. for report of an assault. Upon arrival, officers spoke with the victim who stated he got into an argument with his friend. During the argument, his friend punched him multiple times then struck him in the leg with a vehicle."
August 1st 2022 - April 5th 2022 Crime News,22031515,6/5/22,9:26 PM,Assault,"Somerville Police responded to 350 Broadway for a fight. Upon arrival, officers spoke with one of the victims who stated she was approached by a male outside of a store who began yelling and swearing at her. She then went to her vehicle and was followed by the male who attempted to spit on her. Shortly after, a male party intervened and the suspect attempted to punch him. Officers identified the male suspect. Assault Log May 18 to May 30 2022"
August 1st 2022 - April 5th 2022 Crime News,22027729,5/18/22,11:30 PM,Arrest,"Somerville Police responded to the area of Broadway & Autumn St after the victim reported a male party pulled a knife on him. Upon arrival, officers spoke with the victim who stated he was in a nearby restaurant then proceeded to walk home. Once he was outside his home, he was approached a male party who brandished a knife then threatened to kill him. Officers located the male suspect nearby and he was placed under arrest."
August 1st 2022 - April 5th 2022 Crime News,22029402,5/26/22,10:18 AM,Assault,"Somerville Police responded to Vernon St for a dispute. Upon arrival, officers learned that two male parties were involved in an argument following a traffic altercation. After speaking with both parties involved, officers learned that one of the male parties struck the other with his vehicle at which point the other male party punched him in return."
August 1st 2022 - April 5th 2022 Crime News,22030067,5/30/22,1:09 AM,Residential Breaking and Entering,"Somerville Police responded to a residence on Winter St for report of a breaking and entering that had just occurred. Upon arrival, officers spoke with the victim who stated while he was in his bedroom, he heard a noise coming from the kitchen. When he entered his kitchen, he observed a white female, in her 50's, with a noise piercing, wearing a mask, dark patterned clothing and a backpack. The female party then fled out of the house toward College Ave. Nothing was reported Assault Log May 10 to May 16 2022"
August 1st 2022 - April 5th 2022 Crime News,22025755,5/10/22,7:00 PM,Assault,"two juveniles entered the station and reported a past assault. They stated that while on Linden St, they were involved in an altercation with another juvenile. The two juvenile victims then left the area and were chased by the father of the other juvenile. The father caught up to the juvenile victims"
August 1st 2022 - April 5th 2022 Crime News,22025720,5/10/22,3:15 PM,Assault,an individual entered the station and reported that his daughter was assaulted after school. Officers then spoke with the victim who stated she was struck multiple times in the head by another girl.
August 1st 2022 - April 5th 2022 Crime News,22026491,5/13/22,3:07 PM,Assault,"Somerville Police responded to the Healey School for an assault. Upon arrival, officers spoke with the juvenile victim who stated while in the bathroom, she was assaulted multiple times by three girls."
August 1st 2022 - April 5th 2022 Crime News,22026961,5/15/22,6:49 PM,Assault,"Somerville Police responded to Professors Row for an assist. Upon arrival, officers spoke with the victim who stated while walking on Elm St, she observed four boys staring at her. The victim then approached the boys and one of them threw a plastic pole at her."
August 1st 2022 - April 5th 2022 Crime News,22027247,5/14/22,8:38 PM,Assault,"a woman entered the station and reported a past assault. The victim stated that on 5/14/22 while driving at the intersection of Washington St & Myrtle St, the operator of another vehicle pulled up next to her and began calling her racial slurs. The victim was then followed by the other driver to a nearby intersection. While the victim was stopped at a light, the operator of the other vehicle reached through the victim’s driver side window and grabbed her arm while attempting to steal her phone. The victim then fled the area in her vehicle. Other Crime Statistics During 5/10/22 through 5/16/22: Assault Log May 3 2022 to May 9 2022"
August 1st 2022 - April 5th 2022 Crime News,22024103,5/4/22,3:03 PM,Assault,"Somerville Police responded to Grant St for report of a past assault. Upon arrival, officers spoke with the juvenile female victim who stated she was assaulted by three females while walking home from school."
August 1st 2022 - April 5th 2022 Crime News,22024838,5/6/22,3:15 PM,Assault,"Somerville Police responded to a business in the area of Mystic Ave & Revolution Dr after the manager requested to speak with an officer. Upon arrival, officers spoke with the manager who stated an employee got into an argument with another employee then assaulted him. Public Safety News April 26 to May 2 2022"
August 1st 2022 - April 5th 2022 Crime News,22020019,4/14/22,10:00 AM,Assault on Police Officer,"the pictured individual was riding his bike on Somerville Ave and punched an officer who was on detail. The individual continued to flee through the intersection of Somerville Ave & Mossland St. The individual was described as a thin, white man, early 30's, with a beard, wearing a black helmet, a black long sleeve bike shirt and black bike shorts/capris. Anyone with information, please contact the Somerville Police Department at 617-625-1600."
August 1st 2022 - April 5th 2022 Crime News,22023273,4/29/22,6:46 PM,Assault,"Somerville Police responded to Thurston St for report of an assault with a firearm. Upon arrival, officers spoke with the victim who stated while walking in the area of 366 Broadway, he was approached by a light gray vehicle. The passenger in the vehicle asked the victim where he was from then pointed a black handgun with a red laser at him. The victim then fled the area. The passenger holding the firearm was described as man, in his 20s, wearing a black ski"
August 1st 2022 - April 5th 2022 Crime News,22023884,5/2/22,3:34 PM,Residential Breaking & Entering,"Somerville Police responded to a multifamily residence on Pearl St for report of a past breaking and entering. Upon arrival, officers spoke with the victim who stated numerous items were stolen while the Other Crime Statistics during April 26, 2022 through May 2, 2022: Break In Log April 19 to April 25 2022"
August 1st 2022 - April 5th 2022 Crime News,22021897,4/23/22,10:56 AM,Breaking & Entering,"Somerville Police responded to a vacant building on Marshall St for report of a vandalism. Upon arrival, officers observed a side door of the building was pried open. Nothing was reported missing."
August 1st 2022 - April 5th 2022 Crime News,22022209,4/25/22,7:07 AM,Residential Breaking & Entering,"Somerville Police responded to an apartment building on Day St for report of past larceny. Upon arrival, officers spoke with the victim who stated his storage unit in the basement was broken into and his bicycle"
August 1st 2022 - April 5th 2022 Crime News,22022264,4/25/22,11:20 AM,Residential Breaking & Entering,"Somerville Police responded to an apartment building on Day St for report of past breaking and entering. Upon arrival, officers spoke with the victim who stated the lock on his storage unit in the basement"
August 1st 2022 - April 5th 2022 Crime News,22022262,4/25/22,11:10 AM,Residential Breaking & Entering,"Somerville Police responded to an apartment building on Day St for report of past breaking and entering. Upon arrival, officers spoke with the victim who stated his storage unit in the basement was broken into and rummaged through. Nothing was reported missing."
August 1st 2022 - April 5th 2022 Crime News,22022259,4/25/22,10:47 AM,Residential Breaking & Entering,"Somerville Police responded to an apartment building on Day St for report of past breaking and entering. Upon arrival, officers spoke with the victim who stated her storage unit in the basement was broken into and her bicycle was stolen. Other Crime Statistics April 19, 2022 through April 25, 2022: Robbery April 19 to April 25 2022 22021345: Somerville PD is attempting to identify the two pictured men who robbed an individual of his moped in the area of Broadway & Franklin St on 4/20/22 at approximately 3:42PM. The suspects were operating a moped together and followed the victim to his home. Suspect 1 then approached the victim, pointed a gun at him and stole his moped while Suspect 2 fled on the other moped. Both suspects traveled east in the direction of Charlestown. Suspect 1 was described as a Hispanic man, 5’5, early 20s, wearing a black hooded sweatshirt, dark jacket, black pants, and white sneakers. Suspect 2 was described as a Hispanic man, 5’6, early 20s, wearing black sweatshirt, black pants and white sneakers. Anyone with information, please contact the Somerville Police"
August 1st 2022 - April 5th 2022 Crime News,22021105,4/19/22,4:27 PM,Armed Robbery,"the pictured individual entered a business in Assembly Row and proceeded to steal a take-out order. The suspect then brandished a knife at an employee and threw the food at him. The suspect was described as wearing a black Canada Goose jacket, blue jeans, purple Nike sneakers and carrying a black backpack with the word ""Supreme"" written on it. Anyone with information, please contact the Somerville Police Department at 617-625-1600."
August 1st 2022 - April 5th 2022 Crime News,22021967,4/23/22,5:44 PM,Armed Robbery,"Somerville Police responded to Assembly Row for report of an armed robbery. Upon arrival, officers spoke with the victims who stated they were approached by two black men, one of whom brandished a knife and demanded their bicycles. Officers identified one of the suspects. Public Safety Log April 12 to April 18 2022"
August 1st 2022 - April 5th 2022 Crime News,22020234,4/15/22,4:48 AM,Commercial B&E,"the pictured individual smashed two windows of a business in the area of Broadway & Marshall St. The suspect then proceeded to steal several packs of cigarettes and cash. Anyone with information, please contact the Somerville Police Department at 617-625-1600."
August 1st 2022 - April 5th 2022 Crime News,22019724,4/13/22,4:37 AM,Assault,"Somerville Police responded to a business on Alewife Brook Pkwy for report of an assault. Upon arrival, officers spoke with the victim who stated while he was waiting for the bus, he was involved in an altercation with two men. During the altercation, one of the men pushed him to the ground. One man was described as black, over 6ft tall, 200lbs, wearing a brown windbreaker. The other man was white, around 5ft tall, 130lbs, wearing big glasses and a"
August 1st 2022 - April 5th 2022 Crime News,22019677,4/12/22,11:00 PM,Armed Robbery,"a man came into the station and reported that his son was the victim of an armed robbery. He stated his son was making a food delivery on Central St at approximately 10 PM the same night and was then approached by a black man wearing all black who brandished a firearm and stole his Other Crime Statistics for April 12, 2022 through April 18, 2022: Break In Log April 5 to April 11 2022"
August 1st 2022 - April 5th 2022 Crime News,22018224,4/6/22,2:10 AM,Commercial Breaking and Entering,"Somerville Police responded to a business on Pearl St for an alarm. Upon arrival, officers observed a piece of glass on the front garage had been removed and an office door was open. Multiple packs of"
August 1st 2022 - April 5th 2022 Crime News,22019096,4/10/22,6:05 AM,Commercial Breaking and Entering,"Somerville Police responded to a business in the area of Broadway & Lincoln St for report of a past breaking and entering. Upon arrival, officers spoke with the business owner who stated the front glass door had been smashed open and cash was stolen from the registers. Other Crime Statistics during April 5, 2022 through April 11, 2022"
October 3rd 2022 - August 2nd 2022 Crime News,22055354,9/28/22,4:01 PM,Robbery,"Somerville Police responded to 268 Powder House Blvd for report of a past robbery. Upon arrival, officers spoke with two juvenile victims who stated they were approached by two juvenile males whom demanded they give up their phones. The victims complied and both suspects fled into"
October 3rd 2022 - August 2nd 2022 Crime News,22055104,9/27/22,4:26 PM,Assault,"Somerville Housing Police responded to an apartment complex on Memorial Rd for a past assault. Upon arrival, officers spoke with a juvenile male who stated he was punched repeatedly by six other males."
October 3rd 2022 - August 2nd 2022 Crime News,22056215,10/2/22,10:43 AM,Attempted Residential Breaking and Entering,"Somerville Police responded to a residence on Oliver St for a past attempted breaking and entering. Upon arrival, officers spoke with the reporting party who stated at approximately 5:00 AM, he received a motion alert on his home surveillance then observed a male party running from his side door. There were scratches observed on the door knob and lock but no entry was made."
October 3rd 2022 - August 2nd 2022 Crime News,22056215,10/1/22,9:13 AM,Commercial Breaking and Entering,"Somerville Police responded to an office building on Elm St for a breaking and entering. Upon arrival, officers spoke with the victim who stated he rented an office in the building and when he arrived, observed three individuals inside sleeping. All three individuals left prior to police arrival."
October 3rd 2022 - August 2nd 2022 Crime News,22056445,10/3/22,12:34 PM,Commercial Breaking and Entering,"Somerville Police responded to a business on Windsor St for report of a past breaking and entering. Upon arrival, officers spoke with the reporting party who stated sometime between 9/29/22 and 10/3/22; an unknown party gained access to the building and stole 15 laptops. Officers observed pry marks on the IT office door."
October 3rd 2022 - August 2nd 2022 Crime News,22054850,9/26/22,11:35 AM,Armed Robbery,"Somerville Police responded to a business in the area of Mystic Ave & Temple St for report of an armed robbery. Upon arrival, officers spoke with the victim who stated a male party walked into the store then brandished a firearm and demanded money from the register. The victim then attempted to fight the suspect and the suspect fled the area. The suspect was described as a black male, wearing a black sweatshirt, a black hat with a white emblem, a black facemask, white sneakers, black socks and gray sweatpants."
October 3rd 2022 - August 2nd 2022 Crime News,22053540,9/20/22,3:02 PM,Robbery,"Somerville Police responded to Walnut St for report of a fight. Upon arrival, officers observed dozens of students pointing at two juvenile males running away. Officers were able to stop one of the males and identified him. Officers learned that the juvenile suspect punched another juvenile then stole his phone and money. One juvenile has been charged with robbery."
October 3rd 2022 - August 2nd 2022 Crime News,22053683,9/21/22,7:36 AM,Residential Breaking and Entering,"Somerville Police responded to a residence on Knowlton St for report of past breaking and entering. Upon arrival, officers spoke with the victim who stated the lock on his shed had been cut off. Nothing was"
October 3rd 2022 - August 2nd 2022 Crime News,22053947,9/22/22,9:24 AM,Assault,"Somerville Police responded to a group home on North St for report of a past assault. Upon arrival, officers spoke with the victim who stated a resident slammed a door shut on him causing it to strike him in"
October 3rd 2022 - August 2nd 2022 Crime News,22053814,9/21/22,6:54 PM,Arrest,Somerville Police arrested a juvenile male in the area of 1304 Broadway after he stole a vehicle from Grub Hub driver. The juvenile crashed the vehicle causing it to flip over. The juvenile then assaulted an EMT who was attending to his aid after the crash.
October 3rd 2022 - August 2nd 2022 Crime News,22054869,9/26/22,1:56 PM,Assault,"Somerville Police responded to the High School for report of a former student trespassing on school property. While en route, officers learned the identity of the student from school staff. Upon arrival, officers spoke with two juvenile victims who stated they were assaulted by the trespassing"
October 3rd 2022 - August 2nd 2022 Crime News,22054504,9/24/22,4:22 PM,Arrest,"Somerville Police responded to Seven Hills Park for report of a fight. Upon arrival, officers spoke with a victim who stated while demonstrating against a group of politicians; he was attacked by four men. He suffered multiple injuries to his face and extremities. Officers then spoke with another victim who stated he was also attacked by the four men. Two of the suspects fled prior to police arrival while the other two remained on scene. Officers identified the two male suspects on scene as Foster STARKS, 36, of Cambridge and Andwain COLEMAN, 29, of Ohio. They"
October 3rd 2022 - August 2nd 2022 Crime News,22053745,9/21/22,2:30 PM,Assault,"Somerville Police responded to Leathers Park for report of a big fight involving juveniles. Upon arrival, officers spoke with one of the juvenile victims who stated he was in the park waiting for some friends because he heard a fight was going to happen. The victim then observed a group of juveniles that he had prior altercations with. One of the juveniles in the group then chased the victim and attempted to stab him. The victim ran into street and collided with a car in traffic. He then called a friend to pick him up. Officers then spoke with two other juvenile victims who stated the same juvenile suspect chased them with a knife as well. Officers located the juvenile suspect and recovered a knife from his person."
October 3rd 2022 - August 2nd 2022 Crime News,22054267,9/23/22,3:48 PM,Fight,Somerville Police responded to Fellsway W for report of approximately 30 students fighting with bats. The students fled
October 3rd 2022 - August 2nd 2022 Crime News,22052739,9/16/22,5:28 PM,Robbery,"Somerville Police responded to the area of Broadway & North St for report of a robbery that occurred 30 minutes prior. Upon arrival, officers spoke with the reporting party who stated her juvenile son was robbed of his cellphone by three male suspects."
October 3rd 2022 - August 2nd 2022 Crime News,22052759,9/16/22,7:12 PM,Robbery,Somerville Police responded to Clarendon Hills for a report of two juvenile males that were just robbed by three male suspects. Officers located and identified the suspects at Dilboy Field.
October 3rd 2022 - August 2nd 2022 Crime News,22052710,9/16/22,,Robbery,"Somerville Police took a lobby report regarding a robbery that occurred at Leathers Community Park (100 Walnut St) at approximately 3 PM the same day. The reporting party stated his juvenile son was approached by four males with masks on whom demanded he give up his phone. The suspects told the victim he would have to fight them in order to get the phone back. 22052661: The Somerville Police are interested in speaking with the pictured individual regarding a breaking and entering that occurred at a multifamily residence on Clyde St on 9/16/22 at approximately 3:00 AM. The suspect was described as a male, wearing a hat, white shirt, dark shorts, white sneakers and holding a plastic bag."
October 3rd 2022 - August 2nd 2022 Crime News,22052886,9/17/22,10:28 AM,Residential Breaking & Entering,"Somerville Police responded to a residence in Assembly Row for a past breaking and entering. Upon arrival, officers spoke with the victim who stated someone broke into his apartment and stole numerous"
October 3rd 2022 - August 2nd 2022 Crime News,22052966,9/17/22,5:10 PM,Assault,"Somerville Police responded to 400 Somerville Ave for a road rage. Upon arrival, officers spoke with the victim who stated he got into an altercation with a bicyclist. During the altercation, the bicyclist spit on the victims face. The suspect was described as a white male with a short beard and was wearing grey shorts with a pink or orange shirt. He was riding a dark colored bicycle, and he had on a white and black bike helmet with black stripes in the middle."
October 3rd 2022 - August 2nd 2022 Crime News,22052913,9/17/22,1:13 PM,Residential Breaking & Entering,"Somerville Police responded to Medford St or a past breaking and entering. Upon arrival, officers spoke with the reporting party who stated the back door of the building was forced open and two bikes"
October 3rd 2022 - August 2nd 2022 Crime News,22052694,9/16/22,2:46 PM,Assault,"Somerville Police responded to 100 Walnut St for a fight. Upon arrival, officers spoke with the juvenile female victim who stated she got into a fight with another female. During the fight, a few more females joined it and began punching the victim."
October 3rd 2022 - August 2nd 2022 Crime News,22050487,9/7/22,7:48 AM,Residential Breaking & Entering,"Somerville Police responded to a residence on Grandview Ave for a past breaking and entering. Upon arrival, officers spoke with the victim who stated someone broke into the common area of the"
October 3rd 2022 - August 2nd 2022 Crime News,22051681,9/12/22,11:05 AM,Commercial Breaking & Entering,"Somerville Police responded to a business on Elm St for a past breaking and entering. Upon arrival, officers spoke with the manager who stated a male party broke into the store the day prior and stole multiple electronics and cash. Officers reviewed surveillance footage and identified the suspect."
October 3rd 2022 - August 2nd 2022 Crime News,22051072,9/9/22,6:37 PM,Assault,"Somerville Police responded to Marshall St for a past fight between juveniles. Upon arrival, officers spoke with the reporting party who stated her juvenile daughter got into a confrontation with another juvenile female. During the confrontation, the juvenile suspect slapped the victim."
October 3rd 2022 - August 2nd 2022 Crime News,22051579,9/11/22,11:53 PM,Assault,"Somerville Police responded to Holland St for report of an injured male. Upon arrival, officers spoke with the victim who was suffering from a laceration to his forearm. The victim stated that an hour to police arrival, a male party approached him and sliced him with a sharp object. The suspect was described as a white male, in his 30's, wearing a blue shirt and blue jeans."
October 3rd 2022 - August 2nd 2022 Crime News,22051054,9/9/22,4:39 PM,Assault,"Somerville Police responded to North St for report of a male party who was shot in the face with a BB gun. Upon arrival, officers spoke with the victim who stated while driving on Broadway, a juvenile black male shot a BB gun at him and his car approximately 50 times. The victim was struck in the eye and body. The victim reported seeing eight juveniles flee toward Broadway after"
October 3rd 2022 - August 2nd 2022 Crime News,22049390,9/1/22,6:23 PM,Assault,"Somerville Police responded to High St for report of a fight. Upon arrival, officers spoke with the victim who stated he was punched in the face following an altercation with a male party at a neighboring house. The suspect was described as a medium to heavy build white male wearing a blue tshirt."
October 3rd 2022 - August 2nd 2022 Crime News,22049510,9/2/22,9:58 AM,Commercial Breaking & Entering,"Somerville Police responded to a business in the area of Broadway & Cross St for a past breaking and entering. Upon arrival, officers spoke with the owner of the business who stated at approximately 5:16 AM that same day, an unknown individual entered the business through the rear door then stole $1000 USC. The suspect was described as thin build, short to average height, wearing all black including a hood and facemask."
October 3rd 2022 - August 2nd 2022 Crime News,22050165,9/5/22,11:40 AM,Commercial Breaking & Entering,"Somerville Police responded to a business in Assembly Row for a past breaking and entering. Upon arrival, officers spoke with the reporting party who stated she received an alarm notification then reviewed surveillance footage and observed a group of teens enter through the back door."
October 3rd 2022 - August 2nd 2022 Crime News,22049925,9/4/22,2:43 AM,Assault,"Somerville Police responded to a business on Elm St for a fight between two males. Upon arrival, officers spoke with a female victim who stated she was outside when the fight was occurring and at some point, one of the males involved punched her in the face. Both males then fled the area."
October 3rd 2022 - August 2nd 2022 Crime News,22049820,9/3/22,6:01 PM,Arrest,"while on a directed patrol in Assembly Row, an officer was approached by two juvenile females who stated they were jumped by two other juvenile females. The victims then pointed to the suspects who were outside of AMC. As the officer was exiting his cruiser, the suspects charged at the victims and continued to attack one of them. The officer grabbed one of the suspects and she punched him in the arm. Officers were then able to place both suspects into"
October 3rd 2022 - August 2nd 2022 Crime News,22047757,8/25/22,4:27 PM,Assault,"Somerville Police responded to Cross St for report of a past assault. Upon arrival, officers spoke with the reporting party who stated that while her juvenile son was playing soccer, two other juvenile males approached him and one of them punched him in the chest causing him to fall and"
October 3rd 2022 - August 2nd 2022 Crime News,22047761,8/25/22,4:57 PM,Assault / Arrest,"Somerville Police responded to an apartment complex at Capen Court for a fight. Upon arrival, officers observed a male party, Richard NADEAU, 63, holding a metal chair. Officers instructed him to put the chair down then detained him. Officers then spoke with the victim who stated he was involved in an argument with NADEAU. During the argument, NADEAU shoved him in the chest. He was placed under arrest."
October 3rd 2022 - August 2nd 2022 Crime News,22048472,8/28/22,10:32 PM,Residential Breaking & Entering,"Somerville Police responded to a residence on Powder House Blvd for a breaking and entering that had just occurred. Upon arrival, officers spoke with the victim who stated that she observed two hands on the window sill in her bedroom. The victim yelled and the suspect fled the area. Officers observed an upside down planter outside below the window."
October 3rd 2022 - August 2nd 2022 Crime News,22045676,8/16/22,3:01 PM,Residential Breaking & Entering,"Somerville Police responded to a residence on Glen St for report of a past breaking and entering. Upon arrival, officers spoke with the victim who stated when he returned home from work, he noticed his door had been smashed in and several belongings were stolen."
October 3rd 2022 - August 2nd 2022 Crime News,22044701,8/11/22,2:11 PM,Assault,a female party entered the station and reported that her juvenile son was assaulted by another juvenile male while at a summer school program. The juvenile victim suffered injuries to his eye and face.
October 3rd 2022 - August 2nd 2022 Crime News,22045074,8/13/22,1:58 PM,Assault,"a female party and her juvenile son entered the station to report a past larceny and assault. Officers spoke with the juvenile victim who stated on 8/11/22, he was hanging out on Memorial Rd and was assaulted by two juvenile females. He also stated that two juvenile males took his hat and"
October 3rd 2022 - August 2nd 2022 Crime News,22044810,8/12/22,7:21 AM,Assault,"Somerville Police responded to Chestnut St for report of multiple people fighting. Upon arrival, officers attended to a male suffering from injuries to his head. The victim stated he was involved in a verbal"
October 3rd 2022 - August 2nd 2022 Crime News,22045261,8/14/22,3:51 PM,Assault,"Somerville Police responded to the area of Clark St & Newton St for report of a 911 hang up call. Upon arrival, officers spoke with the victim who stated she was attacked by two female parties known to her. The victim suffered injuries to her face."
October 3rd 2022 - August 2nd 2022 Crime News,22045316,8/14/22,9:51 PM,Assault,"Somerville Housing Officers responded to a residence on North St for report of a past assault. Upon arrival, officers spoke with the victim who stated that prior to police arrival, she was beaten by two male"
October 3rd 2022 - August 2nd 2022 Crime News,22042867,8/2/22,4:43 PM,Residential Breaking and Entering,"Somerville Police responded to a residence on Dartmouth St for report of a breaking and entering in progress. Upon arrival, officers spoke with a victim who stated her son was walking home and was chased by a group of juveniles who were attempting to beat him up. The victim’s son arrived home and the juveniles began pushing on the door causing it to break off its hinges. The juvenile suspects fled when they heard police were being called then stole two bikes belonging to the son and his friend. Officers located the suspects nearby and"
October 3rd 2022 - August 2nd 2022 Crime News,22043055,8/3/22,4:35 PM,Assault,"Somerville Police responded to an apartment complex in the area of Highland Ave & Walnut St for a check condition. Upon arrival, officers spoke with the victim who stated she was assaulted by an elderly woman who used to live there."
October 3rd 2022 - August 2nd 2022 Crime News,22043708,8/6/22,8 PM,Robbery,"Somerville Police took a report of an individual who was robbed. The victim stated he parked his vehicle on Wyatt St then went to Whole Foods to purchase groceries. When the victim returned to his vehicle, he was approached by a male party who proceeded to punch him then steal his sandwich. The suspect then damaged the windshield on the victim’s vehicle. The suspect was described as a black male, 30-50 years old, with a beard, short dark hair and wearing a"
October 3rd 2022 - August 2nd 2022 Crime News,22043732,8/6/22,10:19 PM,Assault,"Somerville Police responded to Tower St for a past assault. Upon arrival, officers spoke with the victim who stated a juvenile was fighting another juvenile. When the victim intervened, one of the juveniles assaulted"
October 3rd 2022 - August 2nd 2022 Crime News,22043825,8/7/22,2:26 PM,Attempted Breaking and Entering,"Somerville Police responded to a residence on Governor Winthrop Rd for report of a breaking and entering that had just been attempted. Upon arrival, officers spoke with two witnesses who stated they observed a male party by the side of a house trying to break into the electric meter. The witnesses yelled at the suspect to leave and the suspect began yelling at back at them before eventually leaving the area. The witnesses also stated they observed the suspect smash the window of a vehicle in front of the house. The suspect was described as a white male with tattoos on his arm, wearing black shorts, black shirt, black backpack and"
January 2nd 2023 - October 4th 2022 Crime News,22071766,12/21/22,7:27 PM,Assault,"Somerville Police responded to a business on Columbia St for report of an assault. Upon arrival, officers spoke with the victim who stated she was assaulted by her co-worker following an altercation."
January 2nd 2023 - October 4th 2022 Crime News,22071955,12/22/22,6:19 PM,Residential Breaking & Entering,"Somerville Police responded to a residence on Main St for report of a breaking and entering in progress. Upon arrival, officers spoke with the victim who stated she observed a male party quietly walking around the apartment. Officers observed a screen to a back porch window on the roof."
January 2nd 2023 - October 4th 2022 Crime News,22072322,12/25/22,1:39 AM,Assault,"Somerville Police responded to a business on Elm St for report of a person refusing to leave. Upon arrival, officers spoke with the victim who stated he was involved in a confrontation with two males. During the confrontation, one of the males assaulted the victim. The suspect was described as a black male, with dreadlocks, roughly 5'11"" and wearing a brown coat."
January 2nd 2023 - October 4th 2022 Crime News,22072834,12/28/22,4:39 PM,Residential Breaking & Entering,Somerville Police took a report of a residential breaking and entering on Lowell St. The victim stated the padlock on his garage was broken as well as the front door lock on his house. Nothing was missing.
January 2nd 2023 - October 4th 2022 Crime News,22073161,12/30/22,6:26 PM,Robbery,"Somerville Police responded to a business in the area of Broadway & Grant St for report of an armed robbery involving a gun. Upon arrival, officers spoke with an employee who stated a male party entered the store then brandished a gun at the clerk and demanded money. He was described as wearing a black jacket, gray sweater, a gray mask, white gloves, blue jeans, construction boots and carrying a black and yellow Dewalt construction bag. He spoke Portuguese."
January 2nd 2023 - October 4th 2022 Crime News,23000001,1/1/23,12:00 AM,Residential Breaking & Entering,"Somerville Police responded to Boston Ave for report of a male party who made suicidal statements. Officers searched the area and could not locate the male party. Shortly after, another call came in for a breaking and entering in progress at a residence on Bay St. Officers responded and located the male party on the front porch. He was transported to the hospital."
January 2nd 2023 - October 4th 2022 Crime News,23000211,1/2/23,4:09 PM,Assault,"Somerville Police responded to Davis Sq for report of a past assault. Upon arrival, officers spoke with the victim who stated he was struck by a bicycle. The suspect was described as a white male, around 50, grey hair, wearing all black and riding a black and red bike"
January 2nd 2023 - October 4th 2022 Crime News,22071069,12/18/22,4:19 AM,Commercial Breaking & Entering,Somerville Police responded to a business in the area of Broadway & Victoria St for report a breaking and entering in progress. Officers were informed a male party was inside the business but fled prior to police arrival. Officers observed the door to the business was forced open. Nothing was
January 2nd 2023 - October 4th 2022 Crime News,22070821,12/16/22,7:23 PM,Robbery,"Somerville Police responded to a business in Davis Sq for report of a past robbery. Upon arrival, officers spoke with the reporting party who stated a male party entered the business and displayed a note demanding money from the register. The employee stated she couldn’t open the register and the male grabbed money from the tip jar and fled."
January 2nd 2023 - October 4th 2022 Crime News,22070764,12/16/22,12:57 PM,Residential Breaking & Entering,"Somerville Police responded to a residence on College Ave for an assist. Upon arrival, officers spoke with a resident of the home who stated a person was sleeping in the basement but fled prior to police arrival."
January 2nd 2023 - October 4th 2022 Crime News,22070905,12/17/22,8:07 AM,Commercial Breaking & Entering,"Somerville Police responded to a business on Linwood St for report of a past breaking and entering. Upon arrival, officers spoke with the reporting party who stated an individual entered the office and stole"
January 2nd 2023 - October 4th 2022 Crime News,22068696,12/5/22,7:15 AM,Commercial Breaking & Entering,"Somerville Police responded to a construction site on Middlesex Ave for report of a past breaking and entering. Upon arrival, officers spoke with the reporting party who stated the gate was forced open and several batteries and wrenches were stolen."
January 2nd 2023 - October 4th 2022 Crime News,22068383,12/3/22,7:42 AM,Residential Breaking & Entering,"Somerville Police responded to a residence on Prospect St for report of a past breaking and entering. Upon arrival, officers spoke with the building owner who stated one of the apartments had damage to the doors and windows. There was food found inside the fridge."
January 2nd 2023 - October 4th 2022 Crime News,22069000,12/6/22,4:28 PM,Residential Breaking & Entering,"Somerville Police responded to a residence on Glen St for report of a past breaking and entering. Upon arrival, officers spoke with the victim who stated multiple tools were stolen from his basement."
January 2nd 2023 - October 4th 2022 Crime News,22068832,12/5/22,8:53 PM,Robbery,"Somerville Police responded to Florence St for report of a past robbery. Upon arrival, officers spoke with the victim who stated while walking his dogs, he was approached by a male party who proceeded to push him then steal money from him. The victim described the suspect as a young male, skinny, short, dark complexion, wearing a black ski mask."
January 2nd 2023 - October 4th 2022 Crime News,22068295,12/2/22,8:26 PM,Robbery,"Somerville Police responded to a business in Assembly Row for a male shoplifter. Upon arrival, officers spoke with the reporting party who stated a male party stole various clothing items then pushed a store"
January 2nd 2023 - October 4th 2022 Crime News,22067821,11/30/22,10:55 AM,Assault,a female party entered the station and reported that her juvenile daughter was assaulted by female classmates. The victim
January 2nd 2023 - October 4th 2022 Crime News,22069545,12/9/22,7:31 PM,Assault,"Somerville Police responded to Gilman St for report of a past assault. Upon arrival, officers spoke with the victim who stated he was approached by a male party who asked him for money. When the victim stated he didn’t have any, the male party punched the victim in the face. The male party was described as 5’9 and wearing a black ski mask."
January 2nd 2023 - October 4th 2022 Crime News,22069939,12/12/22,1:20 AM,Assault,"Somerville Police responded to a business in the area of Somerville Ave & Kent St for report of a fight. Upon arrival, officers spoke with the victim who stated he was involved in an altercation with a male party and was then punched in the face. Officers identified the male suspect."
January 2nd 2023 - October 4th 2022 Crime News,22069522,12/9/22,4:27 PM,Assault,"officers took a report from a male party who stated that on 12/5/22 in the area of Union Square, he was approached by male while walking home. The male suspect then jumped at the victim."
January 2nd 2023 - October 4th 2022 Crime News,22066811,11/23/22,9:25 AM,Commercial Breaking & Entering,"Somerville Police responded to a business in the area of Broadway & Indiana Ave for report of a past breaking and entering. Upon arrival, officers spoke with the reporting party who stated when he arrived to work; he observed the rear door of the business had been forced open. The owner reported cash and a gun were stolen."
January 2nd 2023 - October 4th 2022 Crime News,22066800,11/23/22,8:18 AM,Commercial Breaking & Entering,"Somerville Police responded to a business in the area of Broadway & Macarthur St for report of a past breaking and entering. Upon arrival, officers spoke with the owner who stated he observed the garage door window broken and cash was missing from his office."
January 2nd 2023 - October 4th 2022 Crime News,22067343,11/27/22,5:59 PM,Residential Breaking & Entering,"Somerville Police responded to a residence in the area of Washington St & New Washington St for report of a past breaking and entering. Upon arrival, officers spoke with the victim who stated she left her apartment and when she returned, noticed her purse had been stolen."
January 2nd 2023 - October 4th 2022 Crime News,22066962,11/24/22,11:15 AM,Residential Breaking & Entering,"Somerville Police responded to a residence on Myrtle St for report of a past breaking and entering. Upon arrival, officers spoke with the victim who stated she left her home and when she returned, observed her back door had been forced open. Nothing was reported missing."
January 2nd 2023 - October 4th 2022 Crime News,22067511,11/28/22,5:25 PM,Assault,"Somerville Police responded to Houghton St for report of an assault. Upon arrival, officers spoke with the reporting party who stated while walking his dog, he was approached by a male party who then"
January 2nd 2023 - October 4th 2022 Crime News,22067206,11/26/22,3:37 PM,Assault,a female party entered the station and reported that her juvenile daughter was assaulted by two classmates. The victim suffered injuries to her head and neck.
January 2nd 2023 - October 4th 2022 Crime News,22066000,11/18/22,5:32 PM,Armed Robbery,officers took a report from a victim who stated he was involved in a road rage incident on Route 93. The victim described the suspect as a heavyset female. Both the victim and suspect then pulled into the parking lot of 145 Middlesex Ave where they confronted each other. The suspect then pulled out a metal bar from her trunk and began tapping it at the victim’s feet. She then grabbed the victim’s wallet and fled in her vehicle.
January 2nd 2023 - October 4th 2022 Crime News,22066167,11/19/22,3:59 PM,Residential Breaking & Entering,"Somerville Police responded to a multifamily residence on Beacon St for report of a past breaking and entering. Upon arrival, officers spoke with the victim who stated someone forced entry into his garage and stole a pair of sneakers."
January 2nd 2023 - October 4th 2022 Crime News,22066079,11/19/22,1:32 AM,Attempted Commercial Breaking & Entering,"Somerville Police responded to a business in the area of Broadway & Marshall St for report of a suspicious person in a nearby alley way. Upon arrival, officers spoke with the reporting party who stated he observed a male messing with the door of the business. No entry was made."
January 2nd 2023 - October 4th 2022 Crime News,22065103,11/19/22,11:21 PM,Arrest,"Somerville Police responded to 449 Canal St for report of a fight. Upon arrival, officers observed a male victim bleeding and suffering multiple injuries to his face and hand. The victim stated he was struck with a shovel by another male party who fled in his car prior to police arrival. Officers located the suspect’s vehicle and initiated a stop. The suspect was then placed under arrest."
January 2nd 2023 - October 4th 2022 Crime News,22064310,11/9/22,10:32 AM,Commercial Breaking & Entering,"Somerville Police responded to a business in the area of Broadway & Indiana Ave for a past breaking and entering. Upon arrival, officers spoke with the owner who stated the rear door had been forced open and the store was rummaged through. Jewelry and cash were stolen."
January 2nd 2023 - October 4th 2022 Crime News,22064300,11/9/22,9:58 AM,Commercial Breaking & Entering,"Somerville Police responded to a business on Medford St for report of a past breaking and entering. Upon arrival, officers spoke with the owner who stated the front door had been pried open and cash was"
January 2nd 2023 - October 4th 2022 Crime News,22064417,11/9/22,7:56 PM,Residential Breaking & Entering,"Somerville Police responded to a residence in the area of Broadway & Packard Ave for report of a past breaking and entering. Upon arrival, officers spoke with the victim who stated someone broke into his garage and stole items out of his scooter bag."
January 2nd 2023 - October 4th 2022 Crime News,22065006,11/12/22,9:52 PM,Arrest,Somerville Police arrested a male party for armed burglary and larceny following an incident in which he broke into a residence on Walnut St. Officers recovered a small axe and a knife from his person.
January 2nd 2023 - October 4th 2022 Crime News,22064517,11/10/22,10:10 AM,Residential Breaking & Entering,"Somerville Police responded to an apartment complex on McGrath Hwy for report of a past breaking and entering. Upon arrival, officers spoke with the superintendent of the building who stated a male party forced entry into the building then proceeded to the garage where he opened the garage door. A U-Haul truck entered and a female party exited. Both parties then began loading the truck up with stolen items."
January 2nd 2023 - October 4th 2022 Crime News,22063881,11/7/22,11:16 AM,Residential Breaking & Entering,"Somerville Police responded to an apartment complex on McGrath Hwy for report of a past breaking and entering. Upon arrival, officers spoke with the property manager who stated two male parties broke into the common area and stole several packages."
January 2nd 2023 - October 4th 2022 Crime News,22065103,11/13/22,1:21 PM,Assault,"Somerville Police took a report from a victim who stated while in a parking garage on Artisan Way, an operator of another vehicle accelerated toward him then stopped just short of striking him."
January 2nd 2023 - October 4th 2022 Crime News,22065004,11/12/22,9:15 PM,Robbery,"an individual entered the station and reported that earlier in the evening while in the area of 349 Broadway, a male party approached him and stole his bicycle."
January 2nd 2023 - October 4th 2022 Crime News,22064617,11/10/22,6:31 PM,Residential Breaking & Entering,"Somerville Police responded to an apartment complex on Canal Lane for report of a past breaking and entering. Upon arrival, officers spoke with the victim who stated she left her apartment and when she"
January 2nd 2023 - October 4th 2022 Crime News,22065271,11/14/22,12:38 PM,Residential Breaking & Entering,"Somerville Police responded to a residence on Sewall St for report of a past breaking and entering. Upon arrival, officers spoke with the victim who noticed her bedroom door was open and medication was"
January 2nd 2023 - October 4th 2022 Crime News,22064905,11/12/22,9:58 AM,Residential Breaking & Entering,"Somerville Police responded to a residence on Jay St for report of a past breaking and entering. Upon arrival, officers spoke with the victim who stated on 11/10/22, she observed her basement door open,"
January 2nd 2023 - October 4th 2022 Crime News,22062574,11/1/22,4:18 AM,Commercial Breaking & Entering,"Somerville Police responded to a business in the area of Broadway & Curtis St for an alarm. Upon arrival, officers observed the rear door of the business was forced open and items inside had been knocked over. Nothing was reported missing"
January 2nd 2023 - October 4th 2022 Crime News,22062599,11/1/22,8:17 AM,Commercial Breaking & Entering,"Somerville Police responded to a business in the area of Broadway & Victoria St for report of a past breaking and entering. Upon arrival, officers spoke with the victim who stated the front door was pried open and multiple areas of the business were rummaged through. The victim reported over $80,000 USC and two boxes of cigarettes were stolen. Officers located a"
January 2nd 2023 - October 4th 2022 Crime News,22063045,11/3/22,9:09 AM,Assault,"Somerville Police responded to a business in the area of Broadway & School St for report of a past assault. Upon arrival, officers spoke with the victim who stated after arriving to work, she walked to get a cup of coffee. She was then approached by a male party who proceeded to throw hot coffee on her. The victim provided a suspect description and officers located the suspect"
January 2nd 2023 - October 4th 2022 Crime News,22062849,11/2/22,10:52 AM,Residential Breaking & Entering,"Somerville Police responded to a residence on Main St for report of a past breaking and entering. Upon arrival, officers spoke with the victim who stated she came back to her apartment after walking her dog and noticed the front door was kicked in and damaged."
January 2nd 2023 - October 4th 2022 Crime News,22063596,11/5/22,10:53 PM,Assault,"Somerville Police responded to Curtis St for report of a male party who was involved in a physical altercation with a female. Upon arrival, officers located the male party lying on the ground unconscious. Officers spoke with witnesses who stated another male party had struck the victim in the head with a flashlight. The victim was transported to an area hospital."
January 2nd 2023 - October 4th 2022 Crime News,22063538,11/5/22,5:28 PM,Assault,"Somerville Police responded to Assembly Row for report of a large fight. Upon arrival, officers spoke with three victims who stated they were attacked by a male and female for no apparent reason. The victims suffered numerous injuries. The male was described as a Hispanic male, between 35-40 years of age, bald head, salt and peppered beard, wearing a beige stripped long sleeve shirt and blue jeans. The female was described as wearing a pink tank top and"
January 2nd 2023 - October 4th 2022 Crime News,22062286,10/30/22,2:13 PM,Fight,"Somerville Police responded to Dilboy Stadium for report of a fight that occurred during a football game between Somerville and Mattapan. Upon arrival, officers spoke with the victim who stated a dispute broke out among the parents after a call from one of the referees. The dispute escalated and a female parent began to punch the victim in the head multiple times. The victim described the suspect as a black female, wearing a gray sweat suit, approximately 30-35 years old and 5'7"" tall."
January 2nd 2023 - October 4th 2022 Crime News,22061885,10/28/22,5:09 PM,Assault,"Somerville Police responded to Grand Union Blvd for report of a past assault. Upon arrival, officers spoke with the victim who stated while crossing the street, a male operating a SUV attempted to strike him"
January 2nd 2023 - October 4th 2022 Crime News,22061451,10/26/22,7:45 PM,Residential Breaking & Entering,"Somerville Police responded to a residence on Webster Ave for report of a past breaking and entering. Upon arrival, officers spoke with the victim who stated he was out of state for a few days and during that time, numerous items were stolen from his basement storage unit."
January 2nd 2023 - October 4th 2022 Crime News,22061652,10/27/22,6:15 PM,Assault,"Somerville Police responded to Temple St for an unwanted. Upon arrival, officers spoke with a juvenile female and her parents. The juvenile explained that she was confronted by another female juvenile. During the confrontation, the juvenile suspect possessed a kitchen knife. Officers"
January 2nd 2023 - October 4th 2022 Crime News,22062040,10/29/22,9:29 AM,Residential Breaking & Entering,"Somerville Police responded to a residence on Elm St for report of a past breaking and entering. Upon arrival, officers spoke with the victim who stated his building was broken into and belongings were left"
January 2nd 2023 - October 4th 2022 Crime News,22059988,10/19/22,1:13 PM,Assault,"Somerville Police responded to East Albion St for report of a past assault. Upon arrival, officers spoke with the victim who stated he was involved in a physical altercation with a female party. The victim sustained a broken nose and a black eye."
January 2nd 2023 - October 4th 2022 Crime News,22059855,10/18/22,8:38 PM,Assault,"Somerville Police responded to a business in the area of McGrath Hwy & Blakeley Ave for report of a fight involving a knife. Upon arrival, officers spoke with a female suspect who stated she confronted an employee due to a past altercation. During the confrontation, the suspect punched the victim several times and attempted to reach for something in her waistband. Officers searched the suspect and did not find any weapons."
January 2nd 2023 - October 4th 2022 Crime News,22060931,10/24/22,2:06 AM,Assault,"a female party entered the station and reported that earlier in the day while on Fitchburg St, she was hit with an unknown object. The victim suffered injuries to her face and head."
January 2nd 2023 - October 4th 2022 Crime News,22060692,10/22/22,8:29 PM,Armed Robbery,"Somerville Police responded to Foley St for report of an armed robbery. Upon arrival, officers spoke with a juvenile male who stated his bike was stolen by a group of juveniles. The victim chased after them and one of the suspects brandished a knife. 22056865: Somerville Police are interested in speaking with the individual shown below in relation to a breaking and entering that occurred at a business in Assembly Row on 10/5/22 at approximately 1:27 AM. The suspect left in a late 90’s or early 2000’s red Mercedes convertible. Anyone with information regarding this individual is asked to please contact the Somerville Police Department at 617-625-1600."
January 2nd 2023 - October 4th 2022 Crime News,22057457,10/6/22,3:50 PM,Assault,a female party entered the station and reported that her juvenile daughter was involved in a fight with another female student at the High School. The reporting party then stated that her daughter was assaulted by a school security officer who was trying to break up the fight.
January 2nd 2023 - October 4th 2022 Crime News,22058092,10/10/22,3:49 PM,Residential Breaking & Entering,"Somerville Police responded to an apartment complex on Elm St for report of a past breaking and entering. Upon arrival, officers spoke with the victim who stated his bicycle was stolen from his storage unit in"
January 2nd 2023 - October 4th 2022 Crime News,22057619,10/8/22,6:57 AM,Residential Breaking & Entering,"Somerville Police responded to Lesley Ave for a male party on a roof yelling for help. While en route, officers were informed the male party left toward a residence on Henry Ave then kicked in a basement window and made entry. Officers gained entry into the home and apprehended the male then subsequently transported him to the hospital."
April 3rd 2023 - January 3rd 2023 Crime News,23014822,3/22/23,12:57 AM,Assault,"Somerville Police responded to the MBTA station on College Ave for report of two males fighting. Upon arrival, officers spoke with the two males who stated they got into a verbal argument that escalated into a fight. One of the male parties suffered minor injuries."
April 3rd 2023 - January 3rd 2023 Crime News,23015688,3/26/23,2:40 AM,Assault,"Somerville Police responded to the Somerville Hospital for report of a past assault. Upon arrival, officers spoke with an employee who stated she was attacked by a female patient."
April 3rd 2023 - January 3rd 2023 Crime News,23015363,3/24/23,4:15 PM,Armed Robbery,"Somerville Police responded to a business in the area of Broadway & Marshall St for report of an armed robbery. Upon arrival, officers spoke with the clerk who stated a male party entered the store then brandished a firearm and demanded money. The clerk gave the male suspect approximately $3,000 and he fled down Marshall St. He was described as a white male, 6’0-6’1, wearing a black hooded jacket, grey sweat pants and a white scarf covering his"
April 3rd 2023 - January 3rd 2023 Crime News,23013033,3/13/23,1:45 PM,Residential Breaking & Entering,"Somerville Police responded to a residence on Thurston St for report of a past breaking and entering. Upon arrival, officers spoke with the victim who stated the house is under renovation and several"
April 3rd 2023 - January 3rd 2023 Crime News,23013496,3/15/23,8:51 PM,Residential Breaking & Entering,"Somerville Police responded to a residence on Elm St for report of a past breaking and entering. Upon arrival, officers spoke with the victim who stated he was on vacation and when he returned home, noticed the front door was unlocked and windows were open. He reported two laptops"
April 3rd 2023 - January 3rd 2023 Crime News,23013813,3/17/23,2:06 PM,Residential Breaking & Entering,Somerville Police took a report from a male party regarding a past breaking and entering at an apartment complex on Elm St. He stated that a female party and a male party broke into the building and stole a
April 3rd 2023 - January 3rd 2023 Crime News,23013944,3/18/23,3:16 AM,Assault,"Somerville Police responded to Medford St for report of a male party yelling. Upon arrival, officers spoke with the victim who stated while walking down Medford St, he was approached by three juvenile males who began to punch him multiple times. The juveniles also took the victim’s phone and threw it in an unknown direction. The victim suffered injuries to his eye."
April 3rd 2023 - January 3rd 2023 Crime News,23014325,3/19/23,11:40 PM,Assault,"Somerville Police responded to a business in the area of Broadway & Rogers Ave for report of an assault. Upon arrival, officers spoke with the victim who stated he was assaulted but refused to elaborate further. The victim suffered injuries to his face."
April 3rd 2023 - January 3rd 2023 Crime News,23011180,3/2/23,7:36 PM,Residential Breaking & Entering,"Somerville Police responded to a residence on North St for report of a breaking and entering. Upon arrival, officers spoke with the reporting party who stated several valuable items were stolen from her mother’s apartment while she was out."
April 3rd 2023 - January 3rd 2023 Crime News,23010782,2/28/23,7:55 PM,Arrest,"Somerville Police responded to a gas station on Alewife Brook Pkwy for report of a suspicious person. Upon arrival, officers spoke with the reporting party who stated earlier in the day, a male party entered the gas station store and began acting rude to employees. After he was told to leave, the male party grabbed a hammer and began chasing the employees then threatened to kill them. He fled the area prior to police arrival. Later at approximately 9:00 PM, the male party returned to the area. Officers located him and he was placed into custody."
April 3rd 2023 - January 3rd 2023 Crime News,23009530,2/21/23,12:52 PM,Residential Breaking & Entering,"Somerville Police responded to a residence in the area of Broadway & Garrison Ave for report of a past breaking and entering. Upon arrival, officers spoke with the victims who stated their home was broken into while under construction and a stove was stolen."
April 3rd 2023 - January 3rd 2023 Crime News,23007004,2/7/23,10:37 PM,Assault,"Somerville Police responded to a business on Pearl St for report of an assault. Upon arrival, officers spoke with the victim who stated while inside the store, he observed four juvenile males shoplifting. He asked them to put the items back and the juveniles began to assault him multiple times."
April 3rd 2023 - January 3rd 2023 Crime News,23007187,2/8/23,5:52 PM,Assault,"Somerville Police responded to a business in the area of Broadway & Wisconsin Ave for report of a customer throwing things around the store. Upon arrival, officers spoke with an employee who stated he was involved in an altercation with a male party. During the altercation, the male party attempted to punch him several times then damaged various items in the store. The suspect fled prior to police arrival."
April 3rd 2023 - January 3rd 2023 Crime News,23007215,2/8/23,9:04 PM,Residential Breaking & Entering,"Somerville Police responded to a residence on Calvin St for report of a breaking and entering in progress. Upon arrival, officers spoke with the victim who stated she saw a male party inside her kitchen. The victim yelled at the male to leave and he left prior to police arrival. The suspect was described as a young black male, in his 20's, wearing a tasseled knit hat."
April 3rd 2023 - January 3rd 2023 Crime News,23005906,2/3/23,9:58 AM,Residential Breaking & Entering,"Somerville Police responded to an apartment complex on Canal St for report of a past breaking and entering. Upon arrival, officers spoke with the victim who stated the lock on his storage locker was cut. Nothing"
April 3rd 2023 - January 3rd 2023 Crime News,23005547,2/1/23,9:12 AM,Residential Breaking & Entering,a male party called the station and reported his bike was stolen from the front hallway of his residence on Sterling St.
April 3rd 2023 - January 3rd 2023 Crime News,23004224,1/24/23,11:47 PM,Assault,"Somerville Police responded to Grand Union Blvd for a panic alarm coming from a Lyft driver. Upon arrival, officers spoke with the victim who stated he picked up a female party at Grand Union Blvd and when she entered his car, she began kicking the back of his seat and grabbing at him. The suspect left prior to police arrival."
April 3rd 2023 - January 3rd 2023 Crime News,23004988,1/28/23,10:13 PM,Residential Breaking & Entering,"Somerville Police responded to a residence on Pearson Rd for report of an attempted breaking and entering. Upon arrival, officers spoke with the reporting party who stated that while in his bedroom, he heard people talking inside the house. Shortly after, he observed damage to the front door and a knife blade on the floor. Nothing was reported missing."
April 3rd 2023 - January 3rd 2023 Crime News,23005355,1/31/23,8:00 AM,Commercial Breaking & Entering,"Somerville Police responded to a business on College Ave for report of a past breaking and entering. Upon arrival, officers spoke with the shop owner who stated a TV, $300 cash and paper towels and toilet paper were stolen. Surveillance footage showed a male party wearing a tan jacket and a gray hoodie rummaging through the shop."
April 3rd 2023 - January 3rd 2023 Crime News,23002817,1/17/23,12:17 PM,Arrest,"Somerville Police responded to a business on Mystic Ave for report of a larceny. Upon arrival, officers spoke with the manager who stated a male party stole numerous items from the store then brandished a knife and swung it at him. Officers observed the male fleeing toward the Assembly train station and ordered him to stop. A knife was recovered from his pocket and he was"
April 3rd 2023 - January 3rd 2023 Crime News,23001748,1/17/23,5:37 AM,Commercial Breaking & Entering,"Somerville Police responded to a business in Assembly Row for a past breaking and entering. Upon arrival, officers observed the front windows of the business were shattered with a rock. The store manager stated several high priced clothing items were stolen."
April 3rd 2023 - January 3rd 2023 Crime News,23003053,1/18/23,6:40 PM,Residential Breaking & Entering,"a male and female party came into the station and reported a residential breaking and entering that occurred approximately 2 to 3 weeks ago in the area of Washington St & Myrtle St. It was reported that the victim was out of his apartment and when he returned, he noticed cash and tools were missing."
April 3rd 2023 - January 3rd 2023 Crime News,23003920,1/23/23,11:07 AM,Assault,"Somerville Police responded to Newton St & Emerson St for report of an assault. Upon arrival, officers spoke with the victim who stated she got into an argument with a male party on Prospect St and he repeatedly punched her in the head. Officers located and identified the suspect."
April 3rd 2023 - January 3rd 2023 Crime News,23003048,1/18/23,6:20 PM,Shooting,"Somerville Police responded to Memorial Rd for report of shots fired. Upon arrival, officers located nine shell casings and discovered ballistic damage to several vehicles. There were no injuries reported. The"
April 3rd 2023 - January 3rd 2023 Crime News,23001473,1/9/23,7:47 PM,Assault,"a female party entered the station and reported that she was victim of an assault on the morning of 1/8/23. The victim stated she left Encore Casino and was followed by another vehicle. When the victim stopped at a light, a male and female exited the other vehicle and the female party threw her onto the ground and kicked her. As the victim tried to get up, the male party pushed her back to the ground. The female party then vandalized the victim’s vehicle."
April 3rd 2023 - January 3rd 2023 Crime News,23001180,1/8/23,2:17 AM,Assault,"Somerville Police took a lobby report from a male party who stated while at a bar on Somerville Ave, he was punched in the face by another male. The victim suffered injuries to his nose and mouth. Officers"
April 3rd 2023 - January 3rd 2023 Crime News,23000976,1/6/23,7:35 PM,Assault,"Somerville Police responded to a business at 14 McGrath Hwy for report of an injured party in the restroom. Upon arrival, officers spoke with the victim who stated while parking his car, a male party operating another vehicle began beeping his horn. The male party then pepper sprayed the victim."
April 3rd 2023 - January 3rd 2023 Crime News,23001979,1/12/23,2:28 PM,Residential Breaking & Entering,"Somerville Police responded to a multifamily residence on Granite St for report of an attempted breaking and entering. Upon arrival, officers spoke with a property manager who stated an evicted tenant was inside one the apartments. Officers entered the apartment and located the suspect"
April 3rd 2023 - January 3rd 2023 Crime News,23001748,1/11/23,10:18 AM,Residential Breaking & Entering,"Somerville Police responded to a residence on Gilman Ter for report of a past breaking and entering. Upon arrival, officers spoke with the reporting party who stated she was checking on the house while the homeowner was in the hospital and noticed four TV’s had been stolen. Officers observed a rear door had been forced open."
April 3rd 2023 - January 3rd 2023 Crime News,23001369,1/9/23,8:59 AM,Residential Breaking & Entering,"Somerville Police responded to a residence on Woodbine St for report of a man breaking the front window of a house. Upon arrival, officers spoke with the victim who stated he heard a noise downstairs then observed his kitchen window ripped open. Officers reviewed surveillance footage and observed a male party throw an object at the window then ripping it open before"
April 3rd 2023 - January 3rd 2023 Crime News,23000910,1/6/23,10:21 AM,Residential Breaking & Entering,"Somerville Police responded to a residence on Cross St for report of a past breaking and entering. Upon arrival, officers spoke with the reporting party who stated on 12/31/22, a male party entered the garage"
April 3rd 2023 - January 3rd 2023 Crime News,23000805,1/5/23,6:12 PM,Residential Breaking & Entering,"Somerville Police responded to a residence on Powder House Blvd for report of a past breaking and entering. Upon arrival, officers spoke with the homeowner who stated she received a call from a tenant reporting that someone broke into the house. Officers observed multiple items tossed"
April 3rd 2023 - January 3rd 2023 Crime News,23000419,1/3/22,9:29 PM,Robbery,"Somerville Police responded to the area of Highland Ave & Crocker St for report of an armed robbery. Upon arrival, officers spoke with the victim who stated a male party approached him then said he had a gun and demanded money. The victim gave the suspect $60 cash and the suspect fled toward Hudson St. The suspect was described as a white male, approximately 5'11, stocky build and wearing a black mask and gray jacket with a hood."
July 31st 2023 - April 4th 2023 Crime News,23042137,7/26/23,3:14 PM,Assault,"Somerville Police responded to Washington St after a male party reported that three males in a vehicle parked across the street were waiting to hurt him. Upon arrival, officers observed a white sedan flee the area after two males entered it. Officers spoke with the victim who stated three males pulled up in the vehicle and one of them displayed a firearm that was in his waistband. The victim then fled the area."
July 31st 2023 - April 4th 2023 Crime News,23041910,7/25/23,,Assault,"Somerville Police took a report from a male party who stated on 7/21/23, his boss pointed a firearm at his head. The victim stated he works for an electrical company. He then stated that he made a mistake at work and his boss pulled out a handgun and held it against his head. Officers identified the suspect."
July 31st 2023 - April 4th 2023 Crime News,23041847,7/25/23,6:26 AM,Assault,"Somerville Police responded to 270 Washington St for report of a fight. Upon arrival, officers observed two females yelling. Officers spoke with one of the females who stated she was attacked by the other."
July 31st 2023 - April 4th 2023 Crime News,23042227,7/27/23,1:06 AM,Assault,"Somerville Police responded to 402 McGrath Hwy for report of a fight. Upon arrival, officers spoke with a female party who stated she was followed home by her coworker and attacked. The victim suffered"
July 31st 2023 - April 4th 2023 Crime News,23042397,7/27/23,6:39 PM,Residential Breaking & Entering,"Somerville Police responded to a residence on Pearl St for report of a past breaking and entering. Upon arrival, officers spoke with the victim who stated her bike was stolen from the basement."
July 31st 2023 - April 4th 2023 Crime News,23042119,7/26/23,1:44 PM,Residential Breaking & Entering,Somerville Police took a report from a female party who stated she was reviewing her home surveillance cameras and observed two males open her door. One of the males entered the apartment while the other one waited outside. Nothing was reported missing.
July 31st 2023 - April 4th 2023 Crime News,23041866,7/25/23,8:16 AM,Residential Breaking & Entering,"Somerville Police responded to a residence on Dartmouth St for report of a past breaking and entering. Upon arrival, officers spoke with the victim who stated he observed all the doors to the first-floor apartment unlocked and noticed multiple items missing from the mud room. A sim card to his camera was also stolen."
July 31st 2023 - April 4th 2023 Crime News,23040389,7/19/23,10:40 PM,Shots Fired,"Somerville Police responded to Howe St for report of two shots fired. Upon arrival, officers reviewed surveillance footage which showed a motorcycle, a pickup truck and a four-door sedan traveling at a high rate of speed. No ballistic evidence was recovered. Investigation is ongoing."
July 31st 2023 - April 4th 2023 Crime News,23040463,7/19/23,8:00 AM,Robbery,"Somerville Police responded to 105 Bromfield Rd for report of a past larceny. Upon arrival, officers spoke with the victim who stated the night prior while walking home from Davis Sq, he was shoved to the ground and his backpack was stolen. The backpack contained cash, a wallet and a phone. The victim did not see the suspect as his glasses were knocked off."
July 31st 2023 - April 4th 2023 Crime News,23040834,7/20/23,9:19 PM,Commercial Breaking & Entering,"Somerville Police responded to a business on Mystic Valley Pkwy for report of a past breaking and entering. Upon arrival, officers spoke with the reporting party who stated the lock was pried off his son’s storage unit and a bicycle was stolen."
July 31st 2023 - April 4th 2023 Crime News,23041456,7/23/23,3:16 PM,Assault,"Somerville Police responded to a multifamily residence on Perkins St for report of an assault. Upon arrival, officers observed blood in the hallway but did not locate a victim inside. Shortly after, officers located the victim on Broadway. The victim stated he was walking out of his apartment and began talking to a female resident. While talking to her, a male party related to the female approached the victim and began striking him with a broom. The suspect then brandished a knife and motioned with it toward the victim."
July 31st 2023 - April 4th 2023 Crime News,23041096,7/21/23,10:14 PM,Residential Breaking & Entering,"Somerville Police responded to a residence on Tremont St for report of a past breaking and entering. Upon arrival, officers spoke with the victim who stated he left his home earlier in the night and when he returned, noticed his apartment was tampered with and several items were missing."
July 31st 2023 - April 4th 2023 Crime News,23041225,7/22/23,11:40 AM,Residential Breaking & Entering,"Somerville Police responded to a residence on Puritan Rd for report of a breaking and entering. Upon arrival, officers spoke with the victim who stated she heard footsteps coming from the first floor. Officers conducted a walkthrough of the apartment but no one was located."
July 31st 2023 - April 4th 2023 Crime News,23041351,7/23/23,12:16 AM,Assault,"Somerville Police responded to a business in Davis Sq for report of a dispute. Upon arrival, officers spoke with reporting party who stated a female party became upset and began throwing glasses at employees striking one in the face. Officers identified the female suspect."
July 31st 2023 - April 4th 2023 Crime News,23041012,7/21/23,3:58 PM,Arrest,"Somerville Police responded to 115 Broadway for report of a fight. Upon arrival, officers spoke with the victim who stated he was sitting with friends and a male party known to him approached him and his friends then brandished a box cutter. Officers located the suspect and he was placed under"
July 31st 2023 - April 4th 2023 Crime News,23038730,7/11/23,11:02 AM,Assault,"Somerville Police responded to Broadway & Pennsylvania Ave for a dispute. Upon arrival, officers spoke with the victim who stated he got into an argument with a male party. During the argument, the male party brandished a knife and began threatening the victim."
July 31st 2023 - April 4th 2023 Crime News,23039011,7/12/23,7:36 PM,Assault,"Somerville Police responded to Pitman St for report of a male with a knife. Upon arrival, officers spoke with the victim who stated he was picking up equipment from a residence and got into an argument with two other parties. While they were arguing, a male operating a red pickup truck overheard the argument and intervened. The male party brandished a knife at the victim"
July 31st 2023 - April 4th 2023 Crime News,23039852,7/16/23,2:29 PM,Robbery,"Somerville Police responded to Broadway for report of a robbery. Upon arrival, officers spoke with the victim who stated while standing on his porch, he was approached by a Hispanic male that grabbed $105 dollars out of his hand then fled down Wheatland St. The male was riding a bike and was described as being in his 20s, wearing a dark colored coat with a hoodie"
July 31st 2023 - April 4th 2023 Crime News,23039887,7/16/23,6:33 PM,Residential Breaking & Entering,"Somerville Police responded to a residence on Beacon St for report of a past breaking and entering. Upon arrival, officers spoke with the victim who stated he and his roommates left the day prior and when they returned, they noticed money was missing from their rooms."
July 31st 2023 - April 4th 2023 Crime News,23039870,7/16/23,4:52 PM,Residential Breaking & Entering,"Somerville Police responded to a residence on Beacon St for report of a past breaking and entering. Upon arrival, officers spoke with the victim who stated while parking his car, he observed a male party enter his residence through a back door. The male party then fled out a different door."
July 31st 2023 - April 4th 2023 Crime News,23040034,7/17/23,12:37 PM,Assault,Somerville Police took a report from a male party who stated he is a caregiver for his cousin. He stated his cousin lives at a group home and was assaulted by one of the employees and suffered an injury to his
July 31st 2023 - April 4th 2023 Crime News,23039412,7/14/23,2:04 PM,Residential Breaking & Entering,"Somerville Police responded to a residence on Bradley St for report of a past breaking and entering. Upon arrival, officers spoke with the victim who stated she was away for a few days and when she returned, noticed her shed was broke into and multiple tools were stolen."
July 31st 2023 - April 4th 2023 Crime News,23039711,7/15/23,8:41 PM,Residential Breaking & Entering,"Somerville Police responded to a residence on Cutter Ave for report of a past breaking and entering. Upon arrival, officers spoke with the victim who stated the house is under construction and someone broke in through a window. Officers walked through the residence and did not find anyone"
July 31st 2023 - April 4th 2023 Crime News,23036868,7/1/23,10:18 PM,Residential Breaking & Entering,"Somerville Police responded to a residence on Hinckley St for report of a breaking and entering. Upon arrival, officers observed the front door slightly ajar and deemed the house safe and empty. Shortly after, the residents arrived home and searched through their belongings. They reported that multiple pieces of jewelry were stolen."
July 31st 2023 - April 4th 2023 Crime News,23037827,7/6/23,6:43 PM,Attempted Breaking & Entering,"Somerville Police responded to a construction site on Aldersey St for an attempted breaking and entering. Upon arrival, officers spoke with the reporting party who stated he observed two male parties trying to cut through a door. He confronted them and they fled the area."
July 31st 2023 - April 4th 2023 Crime News,23037156,7/3/23,2:01 PM,Assault,"Somerville Police responded to a hotel in Assembly Row for a past assault. Upon arrival, officers spoke with a female employee who stated she was assaulted by a guest of the hotel after she informed him that he"
July 31st 2023 - April 4th 2023 Crime News,23037283,7/4/23,4:19 AM,Residential Breaking & Entering,"Somerville Police responded to a residence on Dane St for report of a past breaking and entering. Upon arrival, officers spoke with the victim who stated she was sleeping in her bed and awoke to a male party standing in her room. She yelled at the male and he fled out of the house."
July 31st 2023 - April 4th 2023 Crime News,23038069,7/7/23,10:16 PM,Assault,"Somerville Police responded to Bond St & Broadway for report of a stabbing. Upon arrival, officers spoke with the victim who stated he was going for a run and was approached by two male parties who began to lunge at him. One of the males had a knife and sliced the victim in his stomach causing minor non-life threatening injuries. He also attempted to steal the victim’s phone. The victim was able to flee the scene."
July 31st 2023 - April 4th 2023 Crime News,23038229,7/8/23,7:28 PM,Robbery,"Somerville Police responded to a business on Broadway for report of a past larceny. Upon arrival, officers spoke with the store owner who stated two male parties, one of whom was wearing a face covering entered the store and grabbed a bottle of tequila. When the owner confronted the male about the face covering, the male threatened to fight him and stole the liquor."
July 31st 2023 - April 4th 2023 Crime News,23038293,7/9/23,8:17 AM,Residential Breaking & Entering,"Somerville Police responded to a residence on Line St for report of a past breaking and entering. Upon arrival, officers spoke with the victim who stated she was out of the house on 7/8/23 and when she returned home, noticed that cash and other belongings were missing from her room."
July 31st 2023 - April 4th 2023 Crime News,23037943,7/7/23,10:26 AM,Residential Breaking & Entering,"Somerville Police responded to a residence on Woodbine St for report of a past breaking and entering. Upon arrival, officers spoke with the victim who stated several tools were stolen from his job site."
July 31st 2023 - April 4th 2023 Crime News,23038356,7/9/23,3:29 PM,Arrest,"Somerville Police responded to Assembly Row for a report of shoplifters that threatened an employee with a knife. Upon arrival, officers spoke with the victim who stated a group of four females entered the store and began shoplifting various items. When she confronted them, one of the females brandished a knife and threatened to stab her. Officers located the group of females and recovered a knife from one of them. She was then placed under arrest. Shortly after, another female in the group began attacking officers and she was placed"
July 31st 2023 - April 4th 2023 Crime News,23034950,6/22/23,8:24 PM,Residential Breaking & Entering,"Somerville Police responded to a residence on Calvin St for report of a past breaking and entering. Upon arrival, officers spoke with the victim who stated she observed a male party near the door of her bedroom. The suspect then fled out the rear door of the residence. Nothing was"
July 31st 2023 - April 4th 2023 Crime News,23034914,6/22/23,4:18 PM,Assault,Somerville Police took a report from a female party regarding a past assault. She stated that she works as parking enforcement for the City of Somerville and was pushed by a male party after he received a ticket.
July 31st 2023 - April 4th 2023 Crime News,23034507,6/20/23,4:58 PM,Assault,"Somerville Police responded to Holland St for report of a past assault. Upon arrival, officers spoke with the victim who stated she observed four juvenile males shaking the Blue Bikes. She confronted them and one of the males spat on her."
July 31st 2023 - April 4th 2023 Crime News,23035705,6/26/23,4:36 PM,Residential Breaking & Entering,"Somerville Police responded to a residence on Cross St for report of a past breaking and entering. Upon arrival, officers spoke with the victim who stated a TV and sound system were stolen."
July 31st 2023 - April 4th 2023 Crime News,23035221,6/24/23,9:46 AM,Assault,"Somerville Police responded to a business on Beacon St for a weapons call. Upon arrival, officers spoke with the victim who stated he confronted a male party after he was observed shoplifting food items. During the confrontation, the male suspect brandished a box cutter and threatened to"
July 31st 2023 - April 4th 2023 Crime News,23035058,6/23/23,1:16 PM,Assault,"Somerville Police responded to Quincy St for report of a past assault. Upon arrival, officers spoke with an involved party who stated he got into a fight with another male over a parking spot."
July 31st 2023 - April 4th 2023 Crime News,23033648,6/16/23,10:07 AM,Residential Breaking & Entering,"Somerville Police responded to a residence on Ashland St for report of a breaking and entering. Upon arrival, officers spoke with the victim who stated he saw a male party in his bedroom take cash from his nightstand then flee toward Sartwell Ave."
July 31st 2023 - April 4th 2023 Crime News,23033322,6/15/23,1:37 AM,Shots Fired,"Somerville Police responded to 333 Broadway for report of gunfire. Upon arrival, officers located two shell casings on"
July 31st 2023 - April 4th 2023 Crime News,23033300,6/14/23,11:25 PM,Assault,"Somerville Police responded to 105 Broadway for a check condition. While en route, officers learned the victim was being transferred to the hospital. Upon arrival at the hospital, officers observed the victim suffering from multiple injuries to his face. He stated that earlier in the night, he was approached by a male party who repeatedly punched him. Officers identified the"
July 31st 2023 - April 4th 2023 Crime News,23033212,6/14/23,5:05 PM,Residential Breaking & Entering,"Somerville Police responded to a residence on School St for report of a past breaking and entering. Upon arrival, officers spoke with the victim who stated the basement door was kicked in. Nothing was"
July 31st 2023 - April 4th 2023 Crime News,23033168,6/14/23,2:29 PM,Arrest,"Somerville Police responded to an apartment complex on Cross St for report of a breaking and entering in progress. Upon arrival, officers located a male party running out of a door and attempting to hop on a bicycle. After a brief pursuit, officers stopped the male and he was detained. Officers spoke with the victim who stated he observed the male party stealing a bicycle. When the victim confronted him, the male party put his hand in his pocket and threatened to stab him. The male party was then placed under arrest."
July 31st 2023 - April 4th 2023 Crime News,23033725,6/16/23,4:22 PM,Assault,"Somerville Police responded to Foley St for report of a past assault. Upon arrival, officers spoke with the victim who stated while outside, he was approached by a group of juvenile males. One of the males punched him in the face and another male threw a bottle at him."
July 31st 2023 - April 4th 2023 Crime News,23034233,6/19/23,1:19 PM,Residential Breaking & Entering,"Somerville Police responded to a residence on Atherton St for report of a breaking and entering in progress. Upon arrival, officers secured the doors of the house and attempted to search for the suspect who was not located. Officers spoke with the victim who stated she observed a male party in her roommate’s bedroom. The suspect fled out a window. Nothing was reported stolen."
July 31st 2023 - April 4th 2023 Crime News,23034169,6/19/23,4:35 AM,Residential Breaking & Entering,"Somerville Police responded to a residence on Atherton St for report of a past breaking and entering. Upon arrival, officers spoke with the victim who stated he was sleeping and woken up to an individual climbing through his kitchen window. The suspect then fled the area."
July 31st 2023 - April 4th 2023 Crime News,23034206,6/19/23,10:29 AM,Commercial Breaking & Entering,"Somerville Police responded to a construction site in the area of Knowlton St & Washington St for report of a past breaking and entering. Upon arrival, officers spoke with the reporting party who stated the padlocks to the site were cut. Nothing was reported stolen."
July 31st 2023 - April 4th 2023 Crime News,23031877,6/8/23,3:30 PM,Assault,"Somerville Police were flagged down by a male party in the area of 81 Broadway. He told officers that while he and his wife were waiting at a nearby bus stop, two males approached him and one of them brandished a firearm, pointed it at him and threatened to kill him. The male with the firearm was described as a white male, 5'5"", medium build, wearing a black sweater, dark pants and a black hat. The other male was described as a white male, wearing a blue t-shirt and"
July 31st 2023 - April 4th 2023 Crime News,23031813,6/8/23,10:33 AM,Residential Breaking & Entering,"Somerville Police responded to a residence on Calvin St for report of a breaking and entering. Upon arrival, officers spoke with the victim who stated she heard a loud bang then observed a male party climbing through her bedroom window. The suspect then fled the area after the victim yelled."
July 31st 2023 - April 4th 2023 Crime News,23031812,6/8/23,10:21 AM,Residential Breaking & Entering,"Somerville Police responded to a residence on Lewis St for report of a past breaking and entering. Upon arrival, officers spoke with the victim who stated he observed a male party in his kitchen. The suspect then left out the back door."
July 31st 2023 - April 4th 2023 Crime News,23032033,6/9/23,9:30 AM,Residential Breaking & Entering,"Somerville Police responded to a residence on Marion St for report of a past breaking and entering. Upon arrival, officers spoke with the victim who stated someone broke into her apartment and stole her"
July 31st 2023 - April 4th 2023 Crime News,23031426,6/6/23,4:12 PM,Commercial Breaking & Entering,"Somerville Police responded to a business on Mystic Valley Pkwy for report of a past breaking and entering. Upon arrival, officers spoke with the victim who stated two TVs were stolen from her storage unit."
July 31st 2023 - April 4th 2023 Crime News,23032189,6/10/23,1:50 AM,Shots Fired,"Somerville Police responded to 50 Middlesex Ave for report of gunfire. Upon arrival, officers located three shell casings on"
July 31st 2023 - April 4th 2023 Crime News,23032584,6/11/23,10:34 PM,Assault,"Somerville Police responded to Pinckney St for report of an assault. Upon arrival, officers spoke with the victim who stated while she was sitting at Symphony Park, she was approached by a female party who struck her in the face."
July 31st 2023 - April 4th 2023 Crime News,23032499,6/11/23,2:33 PM,Assault,"Somerville Police took a report from a female party who stated while she was leaving her residence on Dover St, a group of young males on bicycles threw rocks at her."
July 31st 2023 - April 4th 2023 Crime News,23030330,6/1/23,11:17 AM,Robbery,"Somerville Police responded to CVS in Davis Sq for report of an armed robbery. Upon arrival, officers spoke with an employee who stated a male party entered the store wearing a Halloween mask then brandished a firearm and demanded money. Shortly after, officers received a report of a robbery in progress at Chipotle nearby. Officers responded and located a male party who matched the description of the suspect in the CVS robbery. He attempted to flee but was quickly apprehended. Officers recovered a fake gun and two knives from his backpack. He was"
July 31st 2023 - April 4th 2023 Crime News,23030392,6/1/23,3:59 PM,Attempted Residential Breaking & Entering,"Somerville Police responded to a residence on Oak Terrace for report of a past attempted breaking and entering. Upon arrival, officers spoke with the victim who stated he observed a male party reaching through an open window. The suspect fled after the victim confronted him."
July 31st 2023 - April 4th 2023 Crime News,23030064,5/31/23,12:37 PM,Assault,"Somerville Police responded to Alewife Brook Pkwy for report of a past assault. Upon arrival, officers spoke with the victim who stated earlier in the day in Davis Sq, he was putting up flyers for an upcoming LGBTQ event and was punched by a male party."
July 31st 2023 - April 4th 2023 Crime News,23030957,6/4/23,12:58 AM,Assault,"Somerville Police responded to Autumn St for report of a fight. Upon arrival, officers spoke with two male parties who stated they got into an argument and began fighting each other."
July 31st 2023 - April 4th 2023 Crime News,23031209,6/5/23,3:27 PM,Assault,"Somerville Police responded to Medford St for a report of teenagers that were harassing a male party. Upon arrival, officers located the victim on the ground suffering from a laceration and scratches to his face. He stated he was approached by a group of juvenile males that threatened to assault him. One of the juveniles then punched him causing him to fall to the ground."
July 31st 2023 - April 4th 2023 Crime News,23030612,6/2/23,12:37 PM,Residential Breaking & Entering,"Somerville Police responded to an apartment building on Highland Ave for report of a larceny. Upon arrival, officers spoke with the property manager who stated two male parties entered the parking garage."
July 31st 2023 - April 4th 2023 Crime News,23029857,5/30/23,10:52 AM,Residential Breaking & Entering,"Somerville Police responded to a residence on Beacon St for report of a past breaking and entering. Upon arrival, officers spoke with the victim who stated he observed a male party crawling into his bedroom window. The male fled when the victim confronted him."
July 31st 2023 - April 4th 2023 Crime News,23028731,5/24/23,7:15 PM,Robbery,"Somerville Housing Police responded to 530 Mystic Ave for report of a past robbery. Upon arrival, officers spoke with a juvenile male who stated while in the area of the parking lot, he was approached by a group of males wearing masks. One of the males then punched him in the face and took"
July 31st 2023 - April 4th 2023 Crime News,23028576,5/24/23,7:13 AM,Commercial Breaking & Entering,"Somerville Police responded to a business on Elm St for report of a past breaking and entering. Upon arrival, officers spoke with the reporting party who stated two laptops, one iPad, a docking station and several keys were stolen. The break is believed to have occurred during the overnight hours. There was no damage observed to any of the doors or inside the business."
July 31st 2023 - April 4th 2023 Crime News,23028805,5/25/23,8:48 AM,Attempted Residential Breaking & Entering,"Somerville Police responded to a residence on Ivaloo St for report of a past attempted breaking and entering. Upon arrival, officers spoke with the victim who stated the lock on one of his doors was damaged and bent. No entry was made into the residence."
July 31st 2023 - April 4th 2023 Crime News,23029477,5/28/23,1:26 AM,Assault,"Somerville Police responded to 275 Beacon St for report of a past assault. Upon arrival, officers spoke with the victim who stated while he was walking on Beacon St, a male party approached him then brandished a knife and began raising it in the air. The suspect then fled the area."
July 31st 2023 - April 4th 2023 Crime News,23029215,5/26/23,11:41 PM,Assault,"Somerville Police responded to Prospect Hill Park for report of a male with a knife. Upon arrival, officers spoke with two victims who stated while they were walking to their house, a male party approached them then threw a knife at them. The suspect was described as a white or Hispanic male wearing a pink hat, white T-shirt, a mask and riding a bicycle."
July 31st 2023 - April 4th 2023 Crime News,23029069,5/26/23,9:47 AM,Residential Breaking & Entering,"Somerville Police responded to an apartment complex on Broadway for report of a past breaking and entering. Upon arrival, officers spoke with the victim who stated someone gained access to his apartment and stole two laptops, keys and medication."
July 31st 2023 - April 4th 2023 Crime News,23027575,5/19/23,10:40 AM,Assault,"Somerville Police took a report from a female party who stated on 4/12/23, her juvenile son was shot with a gel pellet gun while playing at the playground at the Healey School. The juvenile suffered multiple"
July 31st 2023 - April 4th 2023 Crime News,23028033,5/21/23,3:42 PM,Assault,"Somerville Police responded to Assembly Row for a report of threats. Upon arrival, officers spoke with two juvenile males who stated they were harassed by five other juvenile males. One of the juvenile suspects brandished a knife. They were described as wearing all black and riding Blue"
July 31st 2023 - April 4th 2023 Crime News,23028106,5/21/23,11:08 PM,Assault,"Somerville Police responded to an apartment complex in Assembly Row for report of injured person. Upon arrival, officers observed two female parties fighting. Officers defused the situation and both females"
July 31st 2023 - April 4th 2023 Crime News,23027017,5/16/23,9:15 PM,Assault,"Somerville Police responded to Elm St for report of an assault. Upon arrival, officers spoke with two juvenile males who stated they got into an altercation with a female party. During the altercation, the female party threw her drink at the juveniles. The juveniles provided officers with a suspect description and officers located the female party shortly after. She was placed under"
July 31st 2023 - April 4th 2023 Crime News,23027023,5/16/23,10:30 PM,Arrest,"Somerville Police responded to Cambridge St & Carter St in Boston for report of an assault that occurred earlier at 31 Washington St in Somerville. Upon arrival, officers spoke with the victim who stated while he was outside on Washington St, he got into an altercation with a male party. During the altercation, the male party brandished a knife then fled down Washington St into Boston where he was apprehended by Boston Police. Officers recovered two knives from his person. He was placed under arrest."
July 31st 2023 - April 4th 2023 Crime News,23025852,5/11/23,3:31 PM,Assault,"Somerville Police responded to 115 Broadway for report of a fight involving juveniles. Upon arrival, officers spoke with a juvenile male who stated he and another juvenile male engaged in a fight after school."
July 31st 2023 - April 4th 2023 Crime News,23026190,5/13/23,12:29 AM,Armed Robbery,"Somerville Police responded to a business in the area of Broadway & Dartmouth St for report of an armed robbery with a firearm. Upon arrival, officers observed the front door open and the store ransacked. Officers reviewed surveillance footage and observed a male party filling up his jacket with cash, lottery tickets, cigarettes and other various items. Officers spoke with an employee who stated the suspect mentioned he had a firearm but did not show one."
July 31st 2023 - April 4th 2023 Crime News,23026786,5/15/23,7:38 PM,Residential Breaking & Entering,"Somerville Police responded to a residence on Foley St for report of a past breaking and entering. Upon arrival, officers spoke with the victims who stated they were on vacation and when they returned, they noticed a light had been moved from where it was originally placed."
July 31st 2023 - April 4th 2023 Crime News,23026611,5/15/23,7:49 AM,Robbery,"Somerville Police responded to a business on Mystic Ave for report of a male party harassing people. Upon arrival, officers spoke with the manager who stated a male party stole money out of the tip jar. The cashier tried to stop him and the male party shoved her hand away causing her to get injured. Officers located and identified the suspect."
July 31st 2023 - April 4th 2023 Crime News,23026494,5/14/23,1:46 PM,Arrest,"Somerville Police responded to Middlesex Ave for report of a fight. Upon arrival, officers spoke with the defendant who stated he observed a male party breaking into his vehicle. The defendant then attacked the male party causing him to suffer multiple injuries and lose consciousness. The defendant was then placed into custody."
July 31st 2023 - April 4th 2023 Crime News,23021564,4/21/23,2:16 PM,Assault,"Somerville Police responded to 1374 Broadway for report of three kids picking on an older man. Upon arrival, officers found a group of juveniles yelling profanities with their fists clenched surrounding a group of three adult males. Officers spoke with the juveniles who stated two older males got into an altercation with them and they all began fighting."
July 31st 2023 - April 4th 2023 Crime News,23022057,4/24/23,9:15 AM,Assault,"Somerville Police responded to Davis Sq for an assist. Upon arrival, officers spoke with the reporting party who stated while working at the Somerville Homeless Coalition, a female party entered the building to use the restroom. After being informed she is not allowed in the building, the female party threw a coffee mug at the victim."
July 31st 2023 - April 4th 2023 Crime News,23021927,4/23/23,3:48 PM,Residential Breaking & Entering,"Somerville Police responded to a residence on Ossipee Rd for report of a past breaking and entering. Upon arrival, officers spoke with the victim who stated he observed his basement door open. Nothing"
July 31st 2023 - April 4th 2023 Crime News,23023846,5/2/23,3:35 PM,Armed Robbery,"Somerville Police responded to a business on Medford St for report of two males that stole merchandise. Upon arrival, officers spoke with an employee who stated two males entered the store and demanded money. One of the males motioned with his hand to mimic a gun. The employee stated he didn’t have any money and the males grabbed various items then ran out the door."
July 31st 2023 - April 4th 2023 Crime News,23024151,5/4/23,5:49 AM,Commercial Breaking & Entering,"Somerville Police received a glass break alarm from a business in Assembly Row. Upon arrival, officers discovered the front glass door was shattered and the front section of the store in disarray. It’s estimated that over"
July 31st 2023 - April 4th 2023 Crime News,23024113,5/3/23,11:12 PM,Residential Breaking & Entering,"Somerville Police responded to a residence on Cedar St for report of a past breaking and entering. Upon arrival, officers spoke with the victim who stated he arrived home and observed his door kicked in and his dog stabbed. A large amount of cash was reported stolen."
July 31st 2023 - April 4th 2023 Crime News,23025074,5/8/23,9:18 AM,Residential Breaking & Entering,"Somerville Police responded to a residence on Brook St for report of a past breaking and entering. Upon arrival, officers spoke with the victim who stated he observed a male party via video surveillance walking around inside his property. Nothing was reported missing."
July 31st 2023 - April 4th 2023 Crime News,23025190,5/8/23,6:00 PM,Assault,"Somerville Police responded to the parking lot at 434 McGrath Hwy for report of a past assault. Upon arrival, officers spoke with the victim who stated while cleaning his vehicle, a male party in another vehicle drove by him and demanded him to move. The victim and the male party then got into an argument. During the argument, the male party brandished what appeared to be a"
July 31st 2023 - April 4th 2023 Crime News,23024800,5/7/23,1:25 AM,Assault,"Somerville Police responded to 622 Somerville Ave for report of a fight. Upon arrival, officers spoke with the victim who stated he is a security guard and while he was attempting to get everyone to leave, he was struck in the face by a male party."
July 31st 2023 - April 4th 2023 Crime News,23020911,4/18/23,2:44 PM,Assault,"Somerville Police responded to 81 Broadway for report of a past assault. Upon arrival, officers spoke with the victim who stated on 4/8/23, he left his house on Medford St and was confronted by a male party. The male party then got into a fight with the victim. During the fight, six other males arrived and started punching and kicking the victim until he was unconscious."
July 31st 2023 - April 4th 2023 Crime News,23021346,4/20/23,3:04 PM,Arrest,"Somerville Housing Police took a report from an individual regarding a stolen moped. The victim provided officers with a suspect description and shortly after, officers located a juvenile male matching the description. Officers then stopped the juvenile male and conducted a pat frisk on him. Officers then recovered a loaded firearm and baggie of cocaine under his shirt. He was"
July 31st 2023 - April 4th 2023 Crime News,23018904,4/13/23,8:03 AM,Residential Breaking & Entering,"Somerville Police responded to an apartment complex in Assembly Row for report of a past breaking and entering. Upon arrival, officers spoke with the victim who stated that his storage unit was broken into"
July 31st 2023 - April 4th 2023 Crime News,23020005,4/13/23,8:25 AM,Commercial Breaking & Entering,"Somerville Police responded to a construction site on Middlesex Ave for report of a past breaking and entering. Upon arrival, officers spoke with the reporting party who stated that overnight, someone broke into the work site and spray painted several structures and equipment."
July 31st 2023 - April 4th 2023 Crime News,23019879,4/13/23,6:03 PM,Assault,"Somerville Police responded to Broadway & Temple St for a fight. Upon arrival, officers observed two male parties involved in an altercation. One of the males was then observed pushing the other male to the ground several times. The victim suffered injuries to his elbows. Officers identified"
July 31st 2023 - April 4th 2023 Crime News,23020558,4/16/23,6:42 PM,Arrest,"Somerville Police responded to Assembly Row for report of a male party threatening people with a knife. Upon arrival, officers spoke with two security guards who stated that the suspect stole numerous items from a nearby store. When the security guards approached him, the suspect brandished a knife and swung it at them. The security guards then alerted officers that the suspect was trying to enter a car stopped at a red light on Middlesex Ave. Officers stopped the vehicle and ordered the suspect to exit. Officers then located a knife in the suspects pocket and bags containing the stolen items. He was placed under arrest."
July 31st 2023 - April 4th 2023 Crime News,23020338,4/15/23,5:23 PM,Arrest,"Somerville Police responded to 78 Broadway for report of an injured party. Upon arrival, officers were flagged down by multiple people who pointed to the male suspect. Officers then detained the suspect while they gathered more information. While speaking with a witness, officers learned that the suspect struck the victim in the head with a bottle. The victim suffered injuries to his face. The suspect was then placed under arrest."
July 31st 2023 - April 4th 2023 Crime News,23018904,4/9/23,11:22 PM,Assault,Somerville Police were flagged down in Davis Sq and spoke with a male party who stated he was an Uber driver and was punched in the face by a customer. The customer fled prior to police arrival.
